
INSERT INTO `customer` (`EMAIL`, `FIRST_NAME`, `LAST_NAME`, `PHONE_NO`, `PASSWORD`, `VERIFIED`) VALUES
('abc@joe.com', 'fkjsdhf', 'fjkhjsdf', '1212425', '8cb2237d0679ca88db6464eac60da96345513964', 'c97762d424592b4723acc6e14f3263d76a76e5680dc697accab81527c313a649'),
('Amandaptlj@hotmail.com', 'Amanda ', 'Tan', '96439419', 'e86a236f76d425fe809f8f7d818d63e70c2e726b', 'Y'),
('bloopbloopwhale@gmail.com', 'Wayne', 'He', '98709879', '7110eda4d09e062aa5e4a390b0a572ac0d2c0220', 'Y'),
('bongjunhao@gmail.com', 'Jun Hao', 'Bong', '97319019', '82379017a05706e4f8b0ea9a4f000825675b4a65', 'Y'),
('brendoa.2015@sis.smu.edu.sg', 'Brendo', 'Austin', '82086044', '3978d009748ef54ad6ef7bf851bd55491b1fe6bb', 'Y'),
('clara.yeo@gmail.com', 'Clara', 'Yeo', '98090876', '7110eda4d09e062aa5e4a390b0a572ac0d2c0220', 'Y'),
('customer2@gmail.com', 'Tan', 'Chen', '+6585823165', '7110eda4d09e062aa5e4a390b0a572ac0d2c0220', 'Y'),
('customer3@gmail.com', 'Ming', 'Chen', '+6581123165', '7110eda4d09e062aa5e4a390b0a572ac0d2c0220', 'Y'),
('customer@gmail.com', 'Huiyan', 'Chen', '+6585882165', '7110eda4d09e062aa5e4a390b0a572ac0d2c0220', 'Y'),
('fionayyyy@hotmail.com', 'Fiona', 'Yeo', '90907865', '7110eda4d09e062aa5e4a390b0a572ac0d2c0220', 'Y'),
('flappybird@gmail.com', 'Junhui', 'Tan', '98709086', '7110eda4d09e062aa5e4a390b0a572ac0d2c0220', 'Y'),
('hds@live.com', 'Hei', 'Dian Siao', '89674343', '7110eda4d09e062aa5e4a390b0a572ac0d2c0220', 'Y'),
('heyvictoria@gmail.com', 'Victoria', 'Li', '98787865', '7110eda4d09e062aa5e4a390b0a572ac0d2c0220', 'Y'),
('hggrahj@gmail.com', 'Raj', 'Simon', '98457634', '7110eda4d09e062aa5e4a390b0a572ac0d2c0220', 'Y'),
('hohojason@gmail.com', 'Jason', 'Ho', '98563412', '7110eda4d09e062aa5e4a390b0a572ac0d2c0220', 'Y'),
('hygh@gmail.com', 'Hanessa', 'Yeo', '98780987', '7110eda4d09e062aa5e4a390b0a572ac0d2c0220', 'Y'),
('its.clarissa@gmail.com', 'clarissa', 'poedjiono', '87171896', '7110eda4d09e062aa5e4a390b0a572ac0d2c0220', 'Y'),
('john@gmail.com', 'John', 'Cheng', '91234567', '7110eda4d09e062aa5e4a390b0a572ac0d2c0220', 'Y'),
('kght@hotmail.com', 'Kin', 'Goh', '90714320', '7110eda4d09e062aa5e4a390b0a572ac0d2c0220', 'Y'),
('li.kang.yew@gmail.com', 'Kang Yew', 'Li', '90709879', '7110eda4d09e062aa5e4a390b0a572ac0d2c0220', 'Y'),
('meow.kelvin@gmail.com', 'Kelvin', 'Lim', '98674523', '7110eda4d09e062aa5e4a390b0a572ac0d2c0220', 'Y'),
('penguinforlife@gmail.com', 'Janice', 'Chew', '87643423', '7110eda4d09e062aa5e4a390b0a572ac0d2c0220', 'Y'),
('rachael9011@gmail.com', 'Rach', 'Low', '93334432', 'b1b3773a05c0ed0176787a4f1574ff0075f7521e', 'Y'),
('raj.s.i@hotmail.com', 'Raj', 'Jason', '90798976', '7110eda4d09e062aa5e4a390b0a572ac0d2c0220', 'Y'),
('ryvenny.witarsa@yahoo.com', 'Ryvenny Putri', 'Witarsa', '84398595', '7ce0359f12857f2a90c7de465f40a95f01cb5da9', 'Y'),
('samcheng@gmail.com', 'Sam', 'Cheng', '98790909', '7110eda4d09e062aa5e4a390b0a572ac0d2c0220', 'Y'),
('scme-9595@hotmail.com', 'Sheryl', 'Chong', '7398273123', '7110eda4d09e062aa5e4a390b0a572ac0d2c0220', 'Y'),
('scme9595@gmail.com', 'Sheryl', 'Chong', '21312312', '7110eda4d09e062aa5e4a390b0a572ac0d2c0220', 'Y'),
('sharky.yeo.tg@gmail.com', 'Shaun', 'Yeo', '98675421', '7110eda4d09e062aa5e4a390b0a572ac0d2c0220', 'Y'),
('shawnteeyuxuan@gmail.com', 'Yu Xuan', 'Tee', '82285394', '7c222fb2927d828af22f592134e8932480637c0d', 'Y'),
('takoyaki@gmail.com', 'Yumi', 'San', '90764532', '7110eda4d09e062aa5e4a390b0a572ac0d2c0220', 'Y'),
('tantan@gmail.com', 'Tan', 'Tan', '98076098', '7110eda4d09e062aa5e4a390b0a572ac0d2c0220', 'Y'),
('tanyy@gmail.com', 'Tan', 'YanYan', '90873454', '7110eda4d09e062aa5e4a390b0a572ac0d2c0220', 'Y'),
('tracy_tan@gmail.com', 'Tracy', 'Tan', '98458689', '7110eda4d09e062aa5e4a390b0a572ac0d2c0220', 'Y'),
('tstan.2016@sis.smu.edu.sg', 'Tanrio', 'S.J', '85900569', 'b79cd26217276f6eb04731bb54be845a0a1d7094', 'Y'),
('vanessa.goh.2015@sis.smu.edu.sg', 'Vanessa', 'Goh', '83339545', '49efef5f70d47adc2db2eb397fbef5f7bc560e29', 'Y'),
('weikiat.poh.2015@sis.smu.edu.sg', 'Wei Kiat', 'Poh', '90604399', 'bd5e5eb049f3907175f54f5a571ba6b9fdea36ab', 'Y'),
('x.s.x@hotmail.com', 'Xu', 'Si Xuan', '87563412', '7110eda4d09e062aa5e4a390b0a572ac0d2c0220', 'Y'),
('yenna.tang.2015@smu.edu.sg', 'Tang', 'Yenna', '96181527', '5fa339bbbb1eeaced3b52e54f44576aaf0d77d96', 'Y'),
('youseeme@gmail.com', 'Grey', 'Chow', '98789089', '7110eda4d09e062aa5e4a390b0a572ac0d2c0220', 'Y'),
('yunheng.wu.2015@sis.smu.edu.sg', 'Yunheng', 'Wu', '98792826', '7587134f1abfb075165f966742f4d631031b750e', 'Y');



INSERT INTO `customer_map` (`CUSTID`,`EMAIL`) VALUES
(1, 'customer@gmail.com'),
(2, 'customer2@gmail.com'),
(3, 'customer3@gmail.com'),
(4, 'scme9595@gmail.com'),
(5, 'scme-9595@hotmail.com'),
(6, 'its.clarissa@gmail.com'),
(7, 'rachael9011@gmail.com'),
(8, 'yunheng.wu.2015@sis.smu.edu.sg'),
(9, 'bongjunhao@gmail.com'),
(10, 'vanessa.goh.2015@sis.smu.edu.sg'),
(11, 'weikiat.poh.2015@sis.smu.edu.sg'),
(12, 'tstan.2016@sis.smu.edu.sg'),
(13, 'ryvenny.witarsa@yahoo.com'),
(14, 'brendoa.2015@sis.smu.edu.sg'),
(15, 'yenna.tang.2015@smu.edu.sg'),
(16, 'shawnteeyuxuan@gmail.com'),
(17, 'Amandaptlj@hotmail.com'),
(18, 'abc@joe.com'),
(19, 'john@gmail.com'),
(20, 'tanyy@gmail.com'),
(21, 'samcheng@gmail.com'),
(22, 'x.s.x@hotmail.com'),
(23, 'hds@live.com'),
(24, 'hggrahj@gmail.com'),
(25, 'fionayyyy@hotmail.com'),
(26, 'tantan@gmail.com'),
(27, 'hohojason@gmail.com'),
(28, 'flappybird@gmail.com'),
(29, 'takoyaki@gmail.com'),
(30, 'meow.kelvin@gmail.com'),
(31, 'kght@hotmail.com'),
(32, 'bloopbloopwhale@gmail.com'),
(33, 'sharky.yeo.tg@gmail.com'),
(34, 'li.kang.yew@gmail.com'),
(35, 'heyvictoria@gmail.com'),
(36, 'clara.yeo@gmail.com'),
(37, 'hygh@gmail.com'),
(38, 'tracy_tan@gmail.com'),
(39, 'youseeme@gmail.com'),
(40, 'penguinforlife@gmail.com');

INSERT INTO staff_role (ROLE_ID, ROLE_NAME) VALUES
(1, 'Manager'),
(2, 'Factory QC'),
(3, 'Factory Staff');

INSERT INTO staff (EMAIL, FIRST_NAME, LAST_NAME, PHONE_NO, PASSWORD, ROLE_ID) VALUES
('manager@highlanderdeluxe.com', 'Ming', 'Xia', '97565500', 'superuser1234', 1),
('factoryQC1@highlanderdeluxe.com', 'Tim', 'Lee', '12342034', 'qc1234', 2),
('factoryQC2@highlanderdeluxe.com', 'Keith', 'Yeo', '12342034', 'qc1234', 2),
('factoryStaff1@highlanderdeluxe.com', 'Joyce', 'Toh', '12342034', 'staff1234', 3),
('factoryStaff2@highlanderdeluxe.com', 'John', 'Lee', '12342034', 'staff1234', 3),
('factoryStaff3@highlanderdeluxe.com', 'Timothy', 'Lee', '12342034', 'staff1234', 3);



INSERT INTO `courier` (`COURIER_NAME`, `TRACKING_URL`) VALUES
('DHL', 'http://www.dhl.com.sg/en/express/tracking.html'),
('Shun Feng', 'http://www.sf-express.com/sg/en/dynamic_functions/waybill/');


INSERT INTO `customer_address` (`ADDRESS_ID`, `EMAIL`, `RECIPIENT_NAME`, `PHONE_NO`, `ADDRESS_LINE`, `CITY`, `COUNTRY`, `POSTAL_CODE`, `ISDEFAULT`) VALUES
(1, 'abc@joe.com', 'fkjsdhf', '1212425', 'sdfsdm,fn', '234dsf', 'Guam', '12345', 'Y'),
(1, 'Amandaptlj@hotmail.com', 'Amanda ', '96439419', '271 Choa Chu Kang Ave 2', 'Singapore', 'Singapore', '680271', 'Y'),
(1, 'bloopbloopwhale@gmail.com', 'Wayne', '90604399', 'BLK208B Punggol Place #05-922', 'Singapore', 'Singapore', '822208', 'Y'),
(1, 'bongjunhao@gmail.com', 'Jun Hao', '97319019', 'Blk 407 Choa Chu Kang Ave 3 #13-293 ', 'Singapore', 'Singapore', '680407', 'Y'),
(1, 'brendoa.2015@sis.smu.edu.sg', 'Brendo', '82086044', '28 Jalan Datoh #26-09', 'Singapore', 'Singapore', '329426', 'Y'),
(1, 'clara.yeo@gmail.com', 'Clara', '82285394', '55A ZION ROAD', 'Singapore', 'Singapore', '247780', 'Y'),
(1, 'customer2@gmail.com', 'Tan Yan', '91214230', '134 Road Ave 3', 'Singapore', 'Singapore', '126748', 'Y'),
(1, 'customer3@gmail.com', 'Ming Yan', '82114230', '134 Ubi Ave 3', 'Singapore', 'Singapore', '426748', 'Y'),
(1, 'customer@gmail.com', 'Hui Yan', '91234230', '134 Highlander Ave 3', 'Singapore', 'Singapore', '536748', 'Y'),
(1, 'fionayyyy@hotmail.com', 'Fiona', '93334432', 'Hougang 1234', 'Singapore', 'Singapore', '543225', 'Y'),
(1, 'flappybird@gmail.com', 'Junhui', '21312312', '81 Victoria St, Singapore 188065', 'Singapore', 'Singapore', '188065', 'Y'),
(1, 'hds@live.com', 'Hei', '82114230', '134 Ubi Ave 3', 'Singapore', 'Singapore', '426748', 'Y'),
(1, 'heyvictoria@gmail.com', 'Victoria', '21312312', '81 Victoria St, Singapore 188065', 'Singapore', 'Singapore', '188065', 'Y'),
(1, 'hggrahj@gmail.com', 'Raj', '91234230', '134 Highlander Ave 3', 'Singapore', 'Singapore', '536748', 'Y'),
(1, 'hohojason@gmail.com', 'Jason', '7398273123', '81 Victoria St, Singapore 188065', 'Singapore', 'Singapore', '188065', 'Y'),
(1, 'hygh@gmail.com', 'Hanessa', '85900569', 'Jurong West St.93 Blk.989A #09-717', 'Tanjungpinang', 'Indonesia', '641989', 'Y'),
(1, 'its.clarissa@gmail.com', 'clarissa', '87171896', 'taman ratu indah blok aa 2 no 9', 'jakarta', 'Indonesia', '11520', 'Y'),
(1, 'john@gmail.com', 'John', '96439419', '271 Choa Chu Kang Ave 2', 'Singapore', 'Singapore', '680271', 'Y'),
(1, 'kght@hotmail.com', 'Kin', '83339545', 'Blk 467 Ang Mo Kio Ave 10 #11-1002', 'Singapore', 'Singapore', '560467', 'Y'),
(1, 'li.kang.yew@gmail.com', 'Li', '98792826', 'Tampines St. 21, Blk 268 #11-245', 'Singapore', 'Singapore', '520268', 'Y'),
(1, 'meow.kelvin@gmail.com', 'Kelvin', '85900569', 'Jurong West St.93 Blk.989A #09-717', 'Tanjungpinang', 'Indonesia', '641989', 'Y'),
(1, 'penguinforlife@gmail.com ', 'Janice', '96181527', 'Toa Payoh ', 'Singapore', 'Singapore', '311082', 'Y'),
(1, 'rachael9011@gmail.com', 'Rach', '93334432', 'Hougang 1234', 'Singapore', 'Singapore', '543225', 'Y'),
(1, 'raj.s.i@hotmail.com', 'Raj', '87171896', 'taman ratu indah blok aa 2 no 9', 'jakarta', 'Indonesia', '11520', 'Y'),
(1, 'ryvenny.witarsa@yahoo.com', 'Ryvenny Putri', '84398595', '832 Tampines St. 82 #04-09', 'Singapore', 'Singapore', '520832', 'Y'),
(1, 'samcheng@gmail.com', 'Sam', '82086044', '28 Jalan Datoh #26-09', 'Singapore', 'Singapore', '329426', 'Y'),
(1, 'scme-9595@hotmail.com', 'Sheryl', '7398273123', '81 Victoria St, Singapore 188065', 'Singapore', 'Singapore', '188065', 'Y'),
(1, 'scme9595@gmail.com', 'Sheryl', '21312312', '81 Victoria St, Singapore 188065', 'Singapore', 'Singapore', '188065', 'Y'),
(1, 'sharky.yeo.tg@gmail.com', 'Shaun', '96181527', 'Toa Payoh ', 'Singapore', 'Singapore', '311082', 'Y'),
(1, 'shawnteeyuxuan@gmail.com', 'Yu Xuan', '82285394', '55A ZION ROAD', 'Singapore', 'Singapore', '247780', 'Y'),
(1, 'takoyaki@gmail.com', 'Yumi', '82285394', '55A ZION ROAD', 'Singapore', 'Singapore', '247780', 'Y'),
(1, 'tantan@gmail.com', 'Tan', '84398595', '832 Tampines St. 82 #04-09', 'Singapore', 'Singapore', '520832', 'Y'),
(1, 'tanyy@gmail.com', 'Tan', '97319019', 'Blk 407 Choa Chu Kang Ave 3 #13-293 ', 'Singapore', 'Singapore', '680407', 'Y'),
(1, 'tracy_tan@gmail.com', 'Tracy', '83339545', 'Blk 467 Ang Mo Kio Ave 10 #11-1002', 'Singapore', 'Singapore', '560467', 'Y'),
(1, 'tstan.2016@sis.smu.edu.sg', 'Tanrio', '85900569', 'Jurong West St.93 Blk.989A #09-717', 'Tanjungpinang', 'Indonesia', '641989', 'Y'),
(1, 'vanessa.goh.2015@sis.smu.edu.sg', 'Vanessa', '83339545', 'Blk 467 Ang Mo Kio Ave 10 #11-1002', 'Singapore', 'Singapore', '560467', 'Y'),
(1, 'weikiat.poh.2015@sis.smu.edu.sg', 'Wei Kiat', '90604399', 'BLK208B Punggol Place #05-922', 'Singapore', 'Singapore', '822208', 'Y'),
(1, 'x.s.x@hotmail.com', 'Xu', '91214230', '134 Road Ave 3', 'Singapore', 'Singapore', '126748', 'Y'),
(1, 'yenna.tang.2015@smu.edu.sg', 'Tang', '96181527', 'Toa Payoh ', 'Singapore', 'Singapore', '311082', 'Y'),
(1, 'youseeme@gmail.com', 'Grey', '90604399', 'BLK208B Punggol Place #05-922', 'Singapore', 'Singapore', '822208', 'Y'),
(1, 'yunheng.wu.2015@sis.smu.edu.sg', 'Yunheng', '98792826', 'Tampines St. 21, Blk 268 #11-245', 'Singapore', 'Singapore', '520268', 'Y'),
(2, 'customer@gmail.com', 'Mark Chen', '99122332', '324 Orchard Ave 4', 'Singapore', 'Singapore', '876324', 'N');


-- ---

INSERT INTO `collection` (`COLLECTION_ID`, `COLLECTION_NAME`, `DELETED`) VALUES
(1, 'Bestsellers', 'N'),
(2, '2018 Spring', 'N'),
(3, '2018 Summer', 'N'),
(4, '2017 Spring', 'N'),
(5, '2017 Winter', 'N');




INSERT INTO `pattern` (`PATTERN_ID`, `PATTERN_NAME`, `PATTERN_DESC`, `PATTERN_PRICE`, `DELETED`, `COLLECTION_ID`) VALUES
(1, 'Forest', 'Hi, here is a description on Forest', 100, 'Y', 1),
(2, 'Birds', 'Hi, here is a description on Birds', 120, 'Y', 1),
(3, 'Bloom', 'Hi, here is a description on Bloom', 110, 'Y', 2),
(4, 'Mimosa', 'Hi, here is a description of Mimosa', 100, 'Y', 3),
(5, 'Lotus', 'Hi, here is a description on Lotus', 340, 'Y', 4),
(6, 'Coconuts', 'Hi, here is a description on Coconuts', 400, 'Y', 3),
(7, 'Flowers', 'Hi, here is a description on Flowers', 200, 'Y', 3),
(8, 'Coville', 'Coville is', 150, 'N', 2),
(9, 'Olivia', 'Olivia is', 140, 'N', 2),
(10, 'Pinnata', 'Pinnata is', 150, 'Y', 5),
(11, 'Retrosa', 'Retrosa is', 150, 'N', 5),
(12, 'Sofia', 'Sofia is', 120, 'N', 5),
(13, 'Tokyo', 'Tokyo is', 160, 'N', 3),
(14, 'Wyatt', 'Wyatt is ', 140, 'N', 5),
(15, 'Zoey', 'Zoey is', 130, 'N', 2),
(16, 'Rosy', 'A classic piece to add with splash of colours.', 175, 'N', 2),
(17, 'Bless', 'To be done', 140, 'N', 5),
(18, 'Dandelion', 'To be done', 140, 'N', 2),
(19, 'Elegance', 'To be done', 150, 'N', 2),
(20, 'Quartz', 'To be done', 120, 'N', 5),
(21, 'Tide', 'To be done', 130, 'N', 5),
(22, 'Tropicana', 'To be done', 130, 'N', 3);

-- --------------------------------------------------------
INSERT INTO `fabric` (`FABRIC_ID`, `FABRIC_NAME`, `FABRIC_DESC`, `FABRIC_PRICE`, `DELETED`) VALUES
(1, 'Silk', 'Silk, also known as natural silk, is continuous filament solidified from the silk fluid secreted by silkworms during cocooning. It is a natural protein fiber and also one of the earliest fibers to be woven into textiles. Second to none in texture, shine, strength and drape, silk is renowned as “the second skin of human body” and “The Queen of Fibers” in the industry.', 250, 'N'),
(2, 'Modal', 'Modal fabric is a regenerated cellulose fiber developed by the Lenzing company from Austria. Its raw materials are beech trees living in European bushes. Beech trees are made into wood pulp first and then processed into Modal fiber using special spinning technologies. The textile made from this fiber has a silky shine, fine touch, and excellent draping. Modal fiber is an eco-friendly fiber because all its raw materials are natural and can be naturally decomposed.', 100, 'N'),
(3, 'Long Staple Cotton', 'Long staple cotton, also called sea island cotton, is a cultivated cotton species that is known for its long fiber. Long staple cotton is renowned as fine cotton for its high quality and long soft fiber.', 120, 'N'),
(4, 'Cotton', 'Cotton is a widely used home textile fabric. Popular among consumers because of its features such as perspiration absorbent, breezy for wear, softness and no irritation to skin, ease of wash, and no pilling.', 80, 'N'),
(5, 'Lyocell Tencel', 'Lyocell, also called Tencel, is a form of rayon which consists of cellulose fiber made from dissolving pulp (bleached wood pulp) using dry jet-wet spinning. It is a typical eco-friendly fiber developed by the Austria Lenzing company. The decomposition rate of Tencel in mud is over 99%, causing little pollution. Tencel is hygroscopic, comfortable, and draping. Tencel products are more hygroscopic than cotton products, softer than silk products, and cooler than linen products. That is why Tencel i', 450, 'N'),
(6, 'Polyester-Cotton', 'Polyester-cotton called by a joint name of polyester blend cotton combination fabric,and it is the textile which made by the yarn of 65%—67% polyester blended with 33%—35% cotton.', 200, 'N');

-- 

INSERT INTO `tag` (`TAG_ID`, `TAG_NAME`) VALUES
(1, 'New Arrivals'),
(2, 'Bestsellers'),
(3, 'Promotion'),
(4, 'Limited Edition'),
(5, 'Exclusive Colours'),
(6, 'Editors Choice');


INSERT INTO `pattern_tag` (`PATTERN_ID`, `TAG_ID`) VALUES
(2, 1),
(4, 1),
(5, 1),
(7, 1),
(3, 3),
(1, 4),
(4, 4),
(1, 6),
(6, 6);
--
-- Table structure for table `cart`
--

INSERT INTO `cart` (`CART_ID`, `CART_PRICE`, `EMAIL`) VALUES
(1, 0, 'customer@gmail.com'),
(2, 0, 'customer2@gmail.com'),
(3, 0, 'customer3@gmail.com'),
(4, 0, 'scme9595@gmail.com'),
(5, 0, 'scme-9595@hotmail.com'),
(6, 0, 'its.clarissa@gmail.com'),
(7, 0, 'rachael9011@gmail.com'),
(8, 0, 'yunheng.wu.2015@sis.smu.edu.sg'),
(9, 0, 'bongjunhao@gmail.com'),
(10, 0, 'vanessa.goh.2015@sis.smu.edu.sg'),
(11, 0, 'weikiat.poh.2015@sis.smu.edu.sg'),
(12, 0, 'tstan.2016@sis.smu.edu.sg'),
(13, 0, 'ryvenny.witarsa@yahoo.com'),
(14, 0, 'brendoa.2015@sis.smu.edu.sg'),
(15, 0, 'yenna.tang.2015@smu.edu.sg'),
(16, 0, 'shawnteeyuxuan@gmail.com'),
(17, 0, 'Amandaptlj@hotmail.com'),
(18, 0, 'abc@joe.com'),
(19, 0, 'john@gmail.com'),
(20, 0, 'tanyy@gmail.com'),
(21, 0, 'samcheng@gmail.com'),
(22, 0, 'x.s.x@hotmail.com'),
(23, 0, 'hds@live.com'),
(24, 0, 'hggrahj@gmail.com'),
(25, 0, 'fionayyyy@hotmail.com'),
(26, 0, 'tantan@gmail.com'),
(27, 0, 'hohojason@gmail.com'),
(28, 0, 'flappybird@gmail.com'),
(29, 0, 'takoyaki@gmail.com'),
(30, 0, 'meow.kelvin@gmail.com'),
(31, 0, 'kght@hotmail.com'),
(32, 0, 'bloopbloopwhale@gmail.com'),
(33, 0, 'sharky.yeo.tg@gmail.com'),
(34, 0, 'li.kang.yew@gmail.com'),
(35, 0, 'heyvictoria@gmail.com'),
(36, 0, 'clara.yeo@gmail.com'),
(37, 0, 'hygh@gmail.com'),
(38, 0, 'tracy_tan@gmail.com'),
(39, 0, 'youseeme@gmail.com'),
(40, 0, 'penguinforlife@gmail.com');

-- --------------------------------------------------------


INSERT INTO `bedding_size` (`SIZE_NAME`, `DIMENSIONS`, `SIZE_PRICE`) VALUES
('Double', '137 cm x 187 cm', 200),
('King', '183 cm x 203 cm', 400),
('Queen', '153 cm x 203 cm', 300),
('Single', '92 cm x 187 cm', 100),
('Super King', '	203ccm x 203 cm', 500);



INSERT INTO `colour` (`COLOUR_ID`, `COLOUR_NAME`, `DELETED`) VALUES
(1, 'White', 'N'),
(2, 'Black', 'N'),
(3, 'Red', 'N'),
(4, 'Yellow', 'N'),
(5, 'Blue', 'N'),
(6, 'Green', 'N'),
(7, 'Pink', 'N'),
(8, 'Purple', 'N'),
(9, 'Teal', 'N'),
(10, 'Gold', 'N'),
(11, 'Silver', 'N'),
(12, 'Grey', 'N'),
(13, 'Vanila Green', 'N'),
(14, 'Khaki Green', 'N'),
(15, 'Brown', 'N'),
(16, 'Coral', 'N');


INSERT INTO `order_status` (`STATUS_ID`, `STATUS_NAME`) VALUES
(1, 'Payment Received'),
(2, 'In Production'),
(3, 'Packaging'),
(4, 'Pending for Shipment'),
(5, 'Shipped'),
(6, 'Completed');



INSERT INTO `promo_code` (`PROMO_CODE_ID`, `PROMO_CODE`, `PROMO_NAME`, `PROMO_TYPE`, `PROMO_VALUE`, `MIN_PURCHASE`, `MAX_DISCOUNT`, `QUOTA`, `COUNTER`, `START_DATE`, `END_DATE`, `DELETED`) VALUES
(0, 'NONE', 'NONE', 'NONE', 0, 0, 0, 0, 0, '2017-08-27', '2020-09-10', 'N'),
(1, 'WELCOME5', 'First Purchase', 'Percent Off', 5, 50, 100, 10000, 0, '2017-08-27', '2018-09-10', 'N'),
(2, '1MONTH', '1st Monthsary', 'Dollar Off', 50, 200, 50, 10000, 0, '2017-09-27', '2018-10-27', 'N');


INSERT INTO `bedding` (`PRODUCT_ID`, `SIZE_NAME`) VALUES
(13, 'Double'),
(14, 'Double'),
(15, 'Double'),
(16, 'Double'),
(17, 'Double'),
(18, 'Double'),
(19, 'Double'),
(20, 'Double'),
(21, 'Double'),
(22, 'Double'),
(23, 'Double'),
(24, 'Double'),
(25, 'Double'),
(26, 'Double'),
(27, 'Double'),
(28, 'Double'),
(29, 'Double'),
(30, 'Double'),
(31, 'Double'),
(32, 'Double'),
(33, 'Double'),
(34, 'Double'),
(35, 'Double'),
(36, 'Double'),
(37, 'Double'),
(38, 'Double'),
(39, 'Double'),
(40, 'Double'),
(41, 'Double'),
(42, 'Double'),
(43, 'Double'),
(44, 'Double'),
(45, 'Double'),
(46, 'Double'),
(47, 'Double'),
(48, 'Double'),
(49, 'Double'),
(50, 'Double'),
(51, 'Double'),
(52, 'Double'),
(53, 'Double'),
(54, 'Double'),
(55, 'Double'),
(56, 'Double'),
(57, 'Double'),
(58, 'Double'),
(59, 'Double'),
(60, 'Double'),
(61, 'Double'),
(62, 'Double'),
(63, 'Double'),
(64, 'Double'),
(65, 'Double'),
(66, 'Double'),
(67, 'Double'),
(68, 'Double'),
(69, 'Double'),
(70, 'Double'),
(71, 'Double'),
(72, 'Double'),
(73, 'Double'),
(74, 'Double'),
(75, 'Double'),
(76, 'Double'),
(77, 'Double'),
(78, 'Double'),
(79, 'Double'),
(80, 'Double'),
(81, 'Double'),
(82, 'Double'),
(83, 'Double'),
(84, 'Double'),
(85, 'Double'),
(86, 'Double'),
(87, 'Double'),
(88, 'Double'),
(89, 'Double'),
(90, 'Double'),
(91, 'Double'),
(92, 'Double'),
(93, 'Double'),
(94, 'Double'),
(95, 'Double'),
(96, 'Double'),
(97, 'Double'),
(98, 'Double'),
(99, 'Double'),
(100, 'Double'),
(101, 'Double'),
(102, 'Double'),
(103, 'Double'),
(104, 'Double'),
(105, 'Double'),
(106, 'Double'),
(107, 'Double'),
(108, 'Double'),
(109, 'Double'),
(110, 'Double'),
(111, 'Double'),
(112, 'Double'),
(113, 'Double'),
(114, 'Double'),
(115, 'Double'),
(116, 'Double'),
(117, 'Double'),
(118, 'Double'),
(119, 'Double'),
(120, 'Double'),
(121, 'Double'),
(122, 'Double'),
(123, 'Double'),
(124, 'Double'),
(125, 'Double'),
(126, 'Double'),
(127, 'Double'),
(128, 'Double'),
(129, 'Double'),
(130, 'Double'),
(131, 'Double'),
(132, 'Double'),
(133, 'Double'),
(134, 'Double'),
(135, 'Double'),
(136, 'Double'),
(137, 'Double'),
(138, 'Double'),
(139, 'Double'),
(140, 'Double'),
(141, 'Double'),
(142, 'Double'),
(143, 'Double'),
(144, 'Double'),
(145, 'Double'),
(146, 'Double'),
(147, 'Double'),
(148, 'Double'),
(149, 'Double'),
(150, 'Double'),
(151, 'Double'),
(152, 'Double'),
(153, 'Double'),
(154, 'Double'),
(155, 'Double'),
(156, 'Double'),
(157, 'Double'),
(158, 'Double'),
(159, 'Double'),
(160, 'Double'),
(161, 'Double'),
(162, 'Double'),
(163, 'Double'),
(164, 'Double'),
(165, 'Double'),
(166, 'Double'),
(167, 'Double'),
(168, 'Double'),
(169, 'Double'),
(170, 'Double'),
(171, 'Double'),
(172, 'Double'),
(173, 'Double'),
(174, 'Double'),
(175, 'Double'),
(176, 'Double'),
(177, 'Double'),
(178, 'Double'),
(179, 'Double'),
(180, 'Double'),
(181, 'Double'),
(182, 'Double'),
(183, 'Double'),
(184, 'Double'),
(185, 'Double'),
(186, 'Double'),
(187, 'Double'),
(188, 'Double'),
(189, 'Double'),
(190, 'Double'),
(191, 'Double'),
(192, 'Double'),
(193, 'Double'),
(194, 'Double'),
(195, 'Double'),
(196, 'Double'),
(197, 'Double'),
(198, 'Double'),
(199, 'Double'),
(200, 'Double'),
(201, 'Double'),
(202, 'Double'),
(203, 'Double'),
(204, 'Double'),
(205, 'Double'),
(206, 'Double'),
(207, 'Double'),
(208, 'Double'),
(209, 'Double'),
(210, 'Double'),
(211, 'Double'),
(212, 'Double'),
(213, 'Double'),
(214, 'Double'),
(215, 'Double'),
(216, 'Double'),
(217, 'Double'),
(218, 'Double'),
(219, 'Double'),
(220, 'Double'),
(221, 'Double'),
(222, 'Double'),
(223, 'Double'),
(224, 'Double'),
(225, 'Double'),
(226, 'Double'),
(227, 'Double'),
(228, 'Double'),
(229, 'Double'),
(230, 'Double'),
(231, 'Double'),
(232, 'Double'),
(233, 'Double'),
(234, 'Double'),
(235, 'Double'),
(236, 'Double'),
(237, 'Double'),
(238, 'Double'),
(239, 'Double'),
(240, 'Double'),
(241, 'Double'),
(242, 'Double'),
(243, 'Double'),
(244, 'Double'),
(245, 'Double'),
(246, 'Double'),
(247, 'Double'),
(248, 'Double'),
(249, 'Double'),
(250, 'Double'),
(251, 'Double'),
(252, 'Double'),
(253, 'Double'),
(254, 'Double'),
(255, 'Double'),
(256, 'Double'),
(257, 'Double'),
(258, 'Double'),
(259, 'Double'),
(260, 'Double'),
(261, 'Double'),
(262, 'Double'),
(263, 'Double'),
(264, 'Double'),
(265, 'Double'),
(266, 'Double'),
(267, 'Double'),
(268, 'Double'),
(269, 'Double'),
(270, 'Double'),
(271, 'Double'),
(272, 'Double'),
(273, 'Double'),
(274, 'Double'),
(275, 'Double'),
(276, 'Double'),
(277, 'Double'),
(278, 'Double'),
(279, 'Double'),
(280, 'Double'),
(281, 'Double'),
(282, 'Double'),
(283, 'Double'),
(284, 'Double'),
(285, 'Double'),
(286, 'Double'),
(287, 'Double'),
(288, 'Double'),
(289, 'Double'),
(290, 'Double'),
(291, 'Double'),
(292, 'Double'),
(293, 'Double'),
(294, 'Double'),
(295, 'Double'),
(296, 'Double'),
(297, 'Double'),
(298, 'Double'),
(299, 'Double'),
(300, 'Double'),
(301, 'Double'),
(302, 'Double'),
(303, 'Double'),
(304, 'Double'),
(305, 'Double'),
(306, 'Double'),
(307, 'Double'),
(308, 'Double'),
(309, 'Double'),
(310, 'Double'),
(311, 'Double'),
(312, 'Double'),
(313, 'Double'),
(314, 'Double'),
(315, 'Double'),
(316, 'Double'),
(317, 'Double'),
(318, 'Double'),
(319, 'Double'),
(320, 'Double'),
(321, 'Double'),
(322, 'Double'),
(323, 'Double'),
(324, 'Double'),
(325, 'Double'),
(326, 'Double'),
(327, 'Double'),
(328, 'Double'),
(329, 'Double'),
(330, 'Double'),
(331, 'Double'),
(332, 'Double'),
(333, 'Double'),
(334, 'Double'),
(335, 'Double'),
(336, 'Double'),
(337, 'Double'),
(338, 'Double'),
(339, 'Double'),
(340, 'Double'),
(341, 'Double'),
(342, 'Double'),
(343, 'Double'),
(344, 'Double'),
(345, 'Double'),
(346, 'Double'),
(347, 'Double'),
(348, 'Double'),
(349, 'Double'),
(350, 'Double'),
(351, 'Double'),
(352, 'Double'),
(353, 'Double'),
(354, 'Double'),
(355, 'Double'),
(356, 'Double'),
(357, 'Double'),
(358, 'Double'),
(359, 'Double'),
(360, 'Double'),
(361, 'Double'),
(362, 'Double'),
(363, 'Double'),
(364, 'Double'),
(365, 'Double'),
(366, 'Double'),
(367, 'Double'),
(368, 'Double'),
(369, 'Double'),
(370, 'Double'),
(371, 'Double'),
(372, 'Double'),
(373, 'Double'),
(374, 'Double'),
(375, 'Double'),
(376, 'Double'),
(377, 'Double'),
(378, 'Double'),
(379, 'Double'),
(380, 'Double'),
(381, 'Double'),
(382, 'Double'),
(383, 'Double'),
(384, 'Double'),
(385, 'Double'),
(386, 'Double'),
(387, 'Double'),
(388, 'Double'),
(389, 'Double'),
(390, 'Double'),
(391, 'Double'),
(392, 'Double'),
(393, 'Double'),
(394, 'Double'),
(395, 'Double'),
(396, 'Double'),
(397, 'Double'),
(398, 'Double'),
(399, 'Double'),
(400, 'Double'),
(401, 'Double'),
(402, 'Double'),
(403, 'Double'),
(404, 'Double'),
(405, 'Double'),
(406, 'Double'),
(407, 'Double'),
(408, 'Double'),
(409, 'Double'),
(410, 'Double'),
(411, 'Double'),
(412, 'Double'),
(413, 'Double'),
(414, 'Double'),
(415, 'Double'),
(416, 'Double'),
(417, 'Double'),
(5, 'King'),
(13, 'King'),
(14, 'King'),
(15, 'King'),
(16, 'King'),
(17, 'King'),
(18, 'King'),
(19, 'King'),
(20, 'King'),
(21, 'King'),
(22, 'King'),
(23, 'King'),
(24, 'King'),
(25, 'King'),
(26, 'King'),
(27, 'King'),
(28, 'King'),
(29, 'King'),
(30, 'King'),
(31, 'King'),
(32, 'King'),
(33, 'King'),
(34, 'King'),
(35, 'King'),
(36, 'King'),
(37, 'King'),
(38, 'King'),
(39, 'King'),
(40, 'King'),
(41, 'King'),
(42, 'King'),
(43, 'King'),
(44, 'King'),
(45, 'King'),
(46, 'King'),
(47, 'King'),
(48, 'King'),
(49, 'King'),
(50, 'King'),
(51, 'King'),
(52, 'King'),
(53, 'King'),
(54, 'King'),
(55, 'King'),
(56, 'King'),
(57, 'King'),
(58, 'King'),
(59, 'King'),
(60, 'King'),
(61, 'King'),
(62, 'King'),
(63, 'King'),
(64, 'King'),
(65, 'King'),
(66, 'King'),
(67, 'King'),
(68, 'King'),
(69, 'King'),
(70, 'King'),
(71, 'King'),
(72, 'King'),
(73, 'King'),
(74, 'King'),
(75, 'King'),
(76, 'King'),
(77, 'King'),
(78, 'King'),
(79, 'King'),
(80, 'King'),
(81, 'King'),
(82, 'King'),
(83, 'King'),
(84, 'King'),
(85, 'King'),
(86, 'King'),
(87, 'King'),
(88, 'King'),
(89, 'King'),
(90, 'King'),
(91, 'King'),
(92, 'King'),
(93, 'King'),
(94, 'King'),
(95, 'King'),
(96, 'King'),
(97, 'King'),
(98, 'King'),
(99, 'King'),
(100, 'King'),
(101, 'King'),
(102, 'King'),
(103, 'King'),
(104, 'King'),
(105, 'King'),
(106, 'King'),
(107, 'King'),
(108, 'King'),
(109, 'King'),
(110, 'King'),
(111, 'King'),
(112, 'King'),
(113, 'King'),
(114, 'King'),
(115, 'King'),
(116, 'King'),
(117, 'King'),
(118, 'King'),
(119, 'King'),
(120, 'King'),
(121, 'King'),
(122, 'King'),
(123, 'King'),
(124, 'King'),
(125, 'King'),
(126, 'King'),
(127, 'King'),
(128, 'King'),
(129, 'King'),
(130, 'King'),
(131, 'King'),
(132, 'King'),
(133, 'King'),
(134, 'King'),
(135, 'King'),
(136, 'King'),
(137, 'King'),
(138, 'King'),
(139, 'King'),
(140, 'King'),
(141, 'King'),
(142, 'King'),
(143, 'King'),
(144, 'King'),
(145, 'King'),
(146, 'King'),
(147, 'King'),
(148, 'King'),
(149, 'King'),
(150, 'King'),
(151, 'King'),
(152, 'King'),
(153, 'King'),
(154, 'King'),
(155, 'King'),
(156, 'King'),
(157, 'King'),
(158, 'King'),
(159, 'King'),
(160, 'King'),
(161, 'King'),
(162, 'King'),
(163, 'King'),
(164, 'King'),
(165, 'King'),
(166, 'King'),
(167, 'King'),
(168, 'King'),
(169, 'King'),
(170, 'King'),
(171, 'King'),
(172, 'King'),
(173, 'King'),
(174, 'King'),
(175, 'King'),
(176, 'King'),
(177, 'King'),
(178, 'King'),
(179, 'King'),
(180, 'King'),
(181, 'King'),
(182, 'King'),
(183, 'King'),
(184, 'King'),
(185, 'King'),
(186, 'King'),
(187, 'King'),
(188, 'King'),
(189, 'King'),
(190, 'King'),
(191, 'King'),
(192, 'King'),
(193, 'King'),
(194, 'King'),
(195, 'King'),
(196, 'King'),
(197, 'King'),
(198, 'King'),
(199, 'King'),
(200, 'King'),
(201, 'King'),
(202, 'King'),
(203, 'King'),
(204, 'King'),
(205, 'King'),
(206, 'King'),
(207, 'King'),
(208, 'King'),
(209, 'King'),
(210, 'King'),
(211, 'King'),
(212, 'King'),
(213, 'King'),
(214, 'King'),
(215, 'King'),
(216, 'King'),
(217, 'King'),
(218, 'King'),
(219, 'King'),
(220, 'King'),
(221, 'King'),
(222, 'King'),
(223, 'King'),
(224, 'King'),
(225, 'King'),
(226, 'King'),
(227, 'King'),
(228, 'King'),
(229, 'King'),
(230, 'King'),
(231, 'King'),
(232, 'King'),
(233, 'King'),
(234, 'King'),
(235, 'King'),
(236, 'King'),
(237, 'King'),
(238, 'King'),
(239, 'King'),
(240, 'King'),
(241, 'King'),
(242, 'King'),
(243, 'King'),
(244, 'King'),
(245, 'King'),
(246, 'King'),
(247, 'King'),
(248, 'King'),
(249, 'King'),
(250, 'King'),
(251, 'King'),
(252, 'King'),
(253, 'King'),
(254, 'King'),
(255, 'King'),
(256, 'King'),
(257, 'King'),
(258, 'King'),
(259, 'King'),
(260, 'King'),
(261, 'King'),
(262, 'King'),
(263, 'King'),
(264, 'King'),
(265, 'King'),
(266, 'King'),
(267, 'King'),
(268, 'King'),
(269, 'King'),
(270, 'King'),
(271, 'King'),
(272, 'King'),
(273, 'King'),
(274, 'King'),
(275, 'King'),
(276, 'King'),
(277, 'King'),
(278, 'King'),
(279, 'King'),
(280, 'King'),
(281, 'King'),
(282, 'King'),
(283, 'King'),
(284, 'King'),
(285, 'King'),
(286, 'King'),
(287, 'King'),
(288, 'King'),
(289, 'King'),
(290, 'King'),
(291, 'King'),
(292, 'King'),
(293, 'King'),
(294, 'King'),
(295, 'King'),
(296, 'King'),
(297, 'King'),
(298, 'King'),
(299, 'King'),
(300, 'King'),
(301, 'King'),
(302, 'King'),
(303, 'King'),
(304, 'King'),
(305, 'King'),
(306, 'King'),
(307, 'King'),
(308, 'King'),
(309, 'King'),
(310, 'King'),
(311, 'King'),
(312, 'King'),
(313, 'King'),
(314, 'King'),
(315, 'King'),
(316, 'King'),
(317, 'King'),
(318, 'King'),
(319, 'King'),
(320, 'King'),
(321, 'King'),
(322, 'King'),
(323, 'King'),
(324, 'King'),
(325, 'King'),
(326, 'King'),
(327, 'King'),
(328, 'King'),
(329, 'King'),
(330, 'King'),
(331, 'King'),
(332, 'King'),
(333, 'King'),
(334, 'King'),
(335, 'King'),
(336, 'King'),
(337, 'King'),
(338, 'King'),
(339, 'King'),
(340, 'King'),
(341, 'King'),
(342, 'King'),
(343, 'King'),
(344, 'King'),
(345, 'King'),
(346, 'King'),
(347, 'King'),
(348, 'King'),
(349, 'King'),
(350, 'King'),
(351, 'King'),
(352, 'King'),
(353, 'King'),
(354, 'King'),
(355, 'King'),
(356, 'King'),
(357, 'King'),
(358, 'King'),
(359, 'King'),
(360, 'King'),
(361, 'King'),
(362, 'King'),
(363, 'King'),
(364, 'King'),
(365, 'King'),
(366, 'King'),
(367, 'King'),
(368, 'King'),
(369, 'King'),
(370, 'King'),
(371, 'King'),
(372, 'King'),
(373, 'King'),
(374, 'King'),
(375, 'King'),
(376, 'King'),
(377, 'King'),
(378, 'King'),
(379, 'King'),
(380, 'King'),
(381, 'King'),
(382, 'King'),
(383, 'King'),
(384, 'King'),
(385, 'King'),
(386, 'King'),
(387, 'King'),
(388, 'King'),
(389, 'King'),
(390, 'King'),
(391, 'King'),
(392, 'King'),
(393, 'King'),
(394, 'King'),
(395, 'King'),
(396, 'King'),
(397, 'King'),
(398, 'King'),
(399, 'King'),
(400, 'King'),
(401, 'King'),
(402, 'King'),
(403, 'King'),
(404, 'King'),
(405, 'King'),
(406, 'King'),
(407, 'King'),
(408, 'King'),
(409, 'King'),
(410, 'King'),
(411, 'King'),
(412, 'King'),
(413, 'King'),
(414, 'King'),
(415, 'King'),
(416, 'King'),
(417, 'King'),
(13, 'Queen'),
(14, 'Queen'),
(15, 'Queen'),
(16, 'Queen'),
(17, 'Queen'),
(18, 'Queen'),
(19, 'Queen'),
(20, 'Queen'),
(21, 'Queen'),
(22, 'Queen'),
(23, 'Queen'),
(24, 'Queen'),
(25, 'Queen'),
(26, 'Queen'),
(27, 'Queen'),
(28, 'Queen'),
(29, 'Queen'),
(30, 'Queen'),
(31, 'Queen'),
(32, 'Queen'),
(33, 'Queen'),
(34, 'Queen'),
(35, 'Queen'),
(36, 'Queen'),
(37, 'Queen'),
(38, 'Queen'),
(39, 'Queen'),
(40, 'Queen'),
(41, 'Queen'),
(42, 'Queen'),
(43, 'Queen'),
(44, 'Queen'),
(45, 'Queen'),
(46, 'Queen'),
(47, 'Queen'),
(48, 'Queen'),
(49, 'Queen'),
(50, 'Queen'),
(51, 'Queen'),
(52, 'Queen'),
(53, 'Queen'),
(54, 'Queen'),
(55, 'Queen'),
(56, 'Queen'),
(57, 'Queen'),
(58, 'Queen'),
(59, 'Queen'),
(60, 'Queen'),
(61, 'Queen'),
(62, 'Queen'),
(63, 'Queen'),
(64, 'Queen'),
(65, 'Queen'),
(66, 'Queen'),
(67, 'Queen'),
(68, 'Queen'),
(69, 'Queen'),
(70, 'Queen'),
(71, 'Queen'),
(72, 'Queen'),
(73, 'Queen'),
(74, 'Queen'),
(75, 'Queen'),
(76, 'Queen'),
(77, 'Queen'),
(78, 'Queen'),
(79, 'Queen'),
(80, 'Queen'),
(81, 'Queen'),
(82, 'Queen'),
(83, 'Queen'),
(84, 'Queen'),
(85, 'Queen'),
(86, 'Queen'),
(87, 'Queen'),
(88, 'Queen'),
(89, 'Queen'),
(90, 'Queen'),
(91, 'Queen'),
(92, 'Queen'),
(93, 'Queen'),
(94, 'Queen'),
(95, 'Queen'),
(96, 'Queen'),
(97, 'Queen'),
(98, 'Queen'),
(99, 'Queen'),
(100, 'Queen'),
(101, 'Queen'),
(102, 'Queen'),
(103, 'Queen'),
(104, 'Queen'),
(105, 'Queen'),
(106, 'Queen'),
(107, 'Queen'),
(108, 'Queen'),
(109, 'Queen'),
(110, 'Queen'),
(111, 'Queen'),
(112, 'Queen'),
(113, 'Queen'),
(114, 'Queen'),
(115, 'Queen'),
(116, 'Queen'),
(117, 'Queen'),
(118, 'Queen'),
(119, 'Queen'),
(120, 'Queen'),
(121, 'Queen'),
(122, 'Queen'),
(123, 'Queen'),
(124, 'Queen'),
(125, 'Queen'),
(126, 'Queen'),
(127, 'Queen'),
(128, 'Queen'),
(129, 'Queen'),
(130, 'Queen'),
(131, 'Queen'),
(132, 'Queen'),
(133, 'Queen'),
(134, 'Queen'),
(135, 'Queen'),
(136, 'Queen'),
(137, 'Queen'),
(138, 'Queen'),
(139, 'Queen'),
(140, 'Queen'),
(141, 'Queen'),
(142, 'Queen'),
(143, 'Queen'),
(144, 'Queen'),
(145, 'Queen'),
(146, 'Queen'),
(147, 'Queen'),
(148, 'Queen'),
(149, 'Queen'),
(150, 'Queen'),
(151, 'Queen'),
(152, 'Queen'),
(153, 'Queen'),
(154, 'Queen'),
(155, 'Queen'),
(156, 'Queen'),
(157, 'Queen'),
(158, 'Queen'),
(159, 'Queen'),
(160, 'Queen'),
(161, 'Queen'),
(162, 'Queen'),
(163, 'Queen'),
(164, 'Queen'),
(165, 'Queen'),
(166, 'Queen'),
(167, 'Queen'),
(168, 'Queen'),
(169, 'Queen'),
(170, 'Queen'),
(171, 'Queen'),
(172, 'Queen'),
(173, 'Queen'),
(174, 'Queen'),
(175, 'Queen'),
(176, 'Queen'),
(177, 'Queen'),
(178, 'Queen'),
(179, 'Queen'),
(180, 'Queen'),
(181, 'Queen'),
(182, 'Queen'),
(183, 'Queen'),
(184, 'Queen'),
(185, 'Queen'),
(186, 'Queen'),
(187, 'Queen'),
(188, 'Queen'),
(189, 'Queen'),
(190, 'Queen'),
(191, 'Queen'),
(192, 'Queen'),
(193, 'Queen'),
(194, 'Queen'),
(195, 'Queen'),
(196, 'Queen'),
(197, 'Queen'),
(198, 'Queen'),
(199, 'Queen'),
(200, 'Queen'),
(201, 'Queen'),
(202, 'Queen'),
(203, 'Queen'),
(204, 'Queen'),
(205, 'Queen'),
(206, 'Queen'),
(207, 'Queen'),
(208, 'Queen'),
(209, 'Queen'),
(210, 'Queen'),
(211, 'Queen'),
(212, 'Queen'),
(213, 'Queen'),
(214, 'Queen'),
(215, 'Queen'),
(216, 'Queen'),
(217, 'Queen'),
(218, 'Queen'),
(219, 'Queen'),
(220, 'Queen'),
(221, 'Queen'),
(222, 'Queen'),
(223, 'Queen'),
(224, 'Queen'),
(225, 'Queen'),
(226, 'Queen'),
(227, 'Queen'),
(228, 'Queen'),
(229, 'Queen'),
(230, 'Queen'),
(231, 'Queen'),
(232, 'Queen'),
(233, 'Queen'),
(234, 'Queen'),
(235, 'Queen'),
(236, 'Queen'),
(237, 'Queen'),
(238, 'Queen'),
(239, 'Queen'),
(240, 'Queen'),
(241, 'Queen'),
(242, 'Queen'),
(243, 'Queen'),
(244, 'Queen'),
(245, 'Queen'),
(246, 'Queen'),
(247, 'Queen'),
(248, 'Queen'),
(249, 'Queen'),
(250, 'Queen'),
(251, 'Queen'),
(252, 'Queen'),
(253, 'Queen'),
(254, 'Queen'),
(255, 'Queen'),
(256, 'Queen'),
(257, 'Queen'),
(258, 'Queen'),
(259, 'Queen'),
(260, 'Queen'),
(261, 'Queen'),
(262, 'Queen'),
(263, 'Queen'),
(264, 'Queen'),
(265, 'Queen'),
(266, 'Queen'),
(267, 'Queen'),
(268, 'Queen'),
(269, 'Queen'),
(270, 'Queen'),
(271, 'Queen'),
(272, 'Queen'),
(273, 'Queen'),
(274, 'Queen'),
(275, 'Queen'),
(276, 'Queen'),
(277, 'Queen'),
(278, 'Queen'),
(279, 'Queen'),
(280, 'Queen'),
(281, 'Queen'),
(282, 'Queen'),
(283, 'Queen'),
(284, 'Queen'),
(285, 'Queen'),
(286, 'Queen'),
(287, 'Queen'),
(288, 'Queen'),
(289, 'Queen'),
(290, 'Queen'),
(291, 'Queen'),
(292, 'Queen'),
(293, 'Queen'),
(294, 'Queen'),
(295, 'Queen'),
(296, 'Queen'),
(297, 'Queen'),
(298, 'Queen'),
(299, 'Queen'),
(300, 'Queen'),
(301, 'Queen'),
(302, 'Queen'),
(303, 'Queen'),
(304, 'Queen'),
(305, 'Queen'),
(306, 'Queen'),
(307, 'Queen'),
(308, 'Queen'),
(309, 'Queen'),
(310, 'Queen'),
(311, 'Queen'),
(312, 'Queen'),
(313, 'Queen'),
(314, 'Queen'),
(315, 'Queen'),
(316, 'Queen'),
(317, 'Queen'),
(318, 'Queen'),
(319, 'Queen'),
(320, 'Queen'),
(321, 'Queen'),
(322, 'Queen'),
(323, 'Queen'),
(324, 'Queen'),
(325, 'Queen'),
(326, 'Queen'),
(327, 'Queen'),
(328, 'Queen'),
(329, 'Queen'),
(330, 'Queen'),
(331, 'Queen'),
(332, 'Queen'),
(333, 'Queen'),
(334, 'Queen'),
(335, 'Queen'),
(336, 'Queen'),
(337, 'Queen'),
(338, 'Queen'),
(339, 'Queen'),
(340, 'Queen'),
(341, 'Queen'),
(342, 'Queen'),
(343, 'Queen'),
(344, 'Queen'),
(345, 'Queen'),
(346, 'Queen'),
(347, 'Queen'),
(348, 'Queen'),
(349, 'Queen'),
(350, 'Queen'),
(351, 'Queen'),
(352, 'Queen'),
(353, 'Queen'),
(354, 'Queen'),
(355, 'Queen'),
(356, 'Queen'),
(357, 'Queen'),
(358, 'Queen'),
(359, 'Queen'),
(360, 'Queen'),
(361, 'Queen'),
(362, 'Queen'),
(363, 'Queen'),
(364, 'Queen'),
(365, 'Queen'),
(366, 'Queen'),
(367, 'Queen'),
(368, 'Queen'),
(369, 'Queen'),
(370, 'Queen'),
(371, 'Queen'),
(372, 'Queen'),
(373, 'Queen'),
(374, 'Queen'),
(375, 'Queen'),
(376, 'Queen'),
(377, 'Queen'),
(378, 'Queen'),
(379, 'Queen'),
(380, 'Queen'),
(381, 'Queen'),
(382, 'Queen'),
(383, 'Queen'),
(384, 'Queen'),
(385, 'Queen'),
(386, 'Queen'),
(387, 'Queen'),
(388, 'Queen'),
(389, 'Queen'),
(390, 'Queen'),
(391, 'Queen'),
(392, 'Queen'),
(393, 'Queen'),
(394, 'Queen'),
(395, 'Queen'),
(396, 'Queen'),
(397, 'Queen'),
(398, 'Queen'),
(399, 'Queen'),
(400, 'Queen'),
(401, 'Queen'),
(402, 'Queen'),
(403, 'Queen'),
(404, 'Queen'),
(405, 'Queen'),
(406, 'Queen'),
(407, 'Queen'),
(408, 'Queen'),
(409, 'Queen'),
(410, 'Queen'),
(411, 'Queen'),
(412, 'Queen'),
(413, 'Queen'),
(414, 'Queen'),
(415, 'Queen'),
(416, 'Queen'),
(417, 'Queen'),
(1, 'Single'),
(2, 'Single'),
(3, 'Single'),
(4, 'Single'),
(6, 'Single'),
(7, 'Single'),
(8, 'Single'),
(9, 'Single'),
(10, 'Single'),
(11, 'Single'),
(12, 'Single'),
(13, 'Single'),
(14, 'Single'),
(15, 'Single'),
(16, 'Single'),
(17, 'Single'),
(18, 'Single'),
(19, 'Single'),
(20, 'Single'),
(21, 'Single'),
(22, 'Single'),
(23, 'Single'),
(24, 'Single'),
(25, 'Single'),
(26, 'Single'),
(27, 'Single'),
(28, 'Single'),
(29, 'Single'),
(30, 'Single'),
(31, 'Single'),
(32, 'Single'),
(33, 'Single'),
(34, 'Single'),
(35, 'Single'),
(36, 'Single'),
(37, 'Single'),
(38, 'Single'),
(39, 'Single'),
(40, 'Single'),
(41, 'Single'),
(42, 'Single'),
(43, 'Single'),
(44, 'Single'),
(45, 'Single'),
(46, 'Single'),
(47, 'Single'),
(48, 'Single'),
(49, 'Single'),
(50, 'Single'),
(51, 'Single'),
(52, 'Single'),
(53, 'Single'),
(54, 'Single'),
(55, 'Single'),
(56, 'Single'),
(57, 'Single'),
(58, 'Single'),
(59, 'Single'),
(60, 'Single'),
(61, 'Single'),
(62, 'Single'),
(63, 'Single'),
(64, 'Single'),
(65, 'Single'),
(66, 'Single'),
(67, 'Single'),
(68, 'Single'),
(69, 'Single'),
(70, 'Single'),
(71, 'Single'),
(72, 'Single'),
(73, 'Single'),
(74, 'Single'),
(75, 'Single'),
(76, 'Single'),
(77, 'Single'),
(78, 'Single'),
(79, 'Single'),
(80, 'Single'),
(81, 'Single'),
(82, 'Single'),
(83, 'Single'),
(84, 'Single'),
(85, 'Single'),
(86, 'Single'),
(87, 'Single'),
(88, 'Single'),
(89, 'Single'),
(90, 'Single'),
(91, 'Single'),
(92, 'Single'),
(93, 'Single'),
(94, 'Single'),
(95, 'Single'),
(96, 'Single'),
(97, 'Single'),
(98, 'Single'),
(99, 'Single'),
(100, 'Single'),
(101, 'Single'),
(102, 'Single'),
(103, 'Single'),
(104, 'Single'),
(105, 'Single'),
(106, 'Single'),
(107, 'Single'),
(108, 'Single'),
(109, 'Single'),
(110, 'Single'),
(111, 'Single'),
(112, 'Single'),
(113, 'Single'),
(114, 'Single'),
(115, 'Single'),
(116, 'Single'),
(117, 'Single'),
(118, 'Single'),
(119, 'Single'),
(120, 'Single'),
(121, 'Single'),
(122, 'Single'),
(123, 'Single'),
(124, 'Single'),
(125, 'Single'),
(126, 'Single'),
(127, 'Single'),
(128, 'Single'),
(129, 'Single'),
(130, 'Single'),
(131, 'Single'),
(132, 'Single'),
(133, 'Single'),
(134, 'Single'),
(135, 'Single'),
(136, 'Single'),
(137, 'Single'),
(138, 'Single'),
(139, 'Single'),
(140, 'Single'),
(141, 'Single'),
(142, 'Single'),
(143, 'Single'),
(144, 'Single'),
(145, 'Single'),
(146, 'Single'),
(147, 'Single'),
(148, 'Single'),
(149, 'Single'),
(150, 'Single'),
(151, 'Single'),
(152, 'Single'),
(153, 'Single'),
(154, 'Single'),
(155, 'Single'),
(156, 'Single'),
(157, 'Single'),
(158, 'Single'),
(159, 'Single'),
(160, 'Single'),
(161, 'Single'),
(162, 'Single'),
(163, 'Single'),
(164, 'Single'),
(165, 'Single'),
(166, 'Single'),
(167, 'Single'),
(168, 'Single'),
(169, 'Single'),
(170, 'Single'),
(171, 'Single'),
(172, 'Single'),
(173, 'Single'),
(174, 'Single'),
(175, 'Single'),
(176, 'Single'),
(177, 'Single'),
(178, 'Single'),
(179, 'Single'),
(180, 'Single'),
(181, 'Single'),
(182, 'Single'),
(183, 'Single'),
(184, 'Single'),
(185, 'Single'),
(186, 'Single'),
(187, 'Single'),
(188, 'Single'),
(189, 'Single'),
(190, 'Single'),
(191, 'Single'),
(192, 'Single'),
(193, 'Single'),
(194, 'Single'),
(195, 'Single'),
(196, 'Single'),
(197, 'Single'),
(198, 'Single'),
(199, 'Single'),
(200, 'Single'),
(201, 'Single'),
(202, 'Single'),
(203, 'Single'),
(204, 'Single'),
(205, 'Single'),
(206, 'Single'),
(207, 'Single'),
(208, 'Single'),
(209, 'Single'),
(210, 'Single'),
(211, 'Single'),
(212, 'Single'),
(213, 'Single'),
(214, 'Single'),
(215, 'Single'),
(216, 'Single'),
(217, 'Single'),
(218, 'Single'),
(219, 'Single'),
(220, 'Single'),
(221, 'Single'),
(222, 'Single'),
(223, 'Single'),
(224, 'Single'),
(225, 'Single'),
(226, 'Single'),
(227, 'Single'),
(228, 'Single'),
(229, 'Single'),
(230, 'Single'),
(231, 'Single'),
(232, 'Single'),
(233, 'Single'),
(234, 'Single'),
(235, 'Single'),
(236, 'Single'),
(237, 'Single'),
(238, 'Single'),
(239, 'Single'),
(240, 'Single'),
(241, 'Single'),
(242, 'Single'),
(243, 'Single'),
(244, 'Single'),
(245, 'Single'),
(246, 'Single'),
(247, 'Single'),
(248, 'Single'),
(249, 'Single'),
(250, 'Single'),
(251, 'Single'),
(252, 'Single'),
(253, 'Single'),
(254, 'Single'),
(255, 'Single'),
(256, 'Single'),
(257, 'Single'),
(258, 'Single'),
(259, 'Single'),
(260, 'Single'),
(261, 'Single'),
(262, 'Single'),
(263, 'Single'),
(264, 'Single'),
(265, 'Single'),
(266, 'Single'),
(267, 'Single'),
(268, 'Single'),
(269, 'Single'),
(270, 'Single'),
(271, 'Single'),
(272, 'Single'),
(273, 'Single'),
(274, 'Single'),
(275, 'Single'),
(276, 'Single'),
(277, 'Single'),
(278, 'Single'),
(279, 'Single'),
(280, 'Single'),
(281, 'Single'),
(282, 'Single'),
(283, 'Single'),
(284, 'Single'),
(285, 'Single'),
(286, 'Single'),
(287, 'Single'),
(288, 'Single'),
(289, 'Single'),
(290, 'Single'),
(291, 'Single'),
(292, 'Single'),
(293, 'Single'),
(294, 'Single'),
(295, 'Single'),
(296, 'Single'),
(297, 'Single'),
(298, 'Single'),
(299, 'Single'),
(300, 'Single'),
(301, 'Single'),
(302, 'Single'),
(303, 'Single'),
(304, 'Single'),
(305, 'Single'),
(306, 'Single'),
(307, 'Single'),
(308, 'Single'),
(309, 'Single'),
(310, 'Single'),
(311, 'Single'),
(312, 'Single'),
(313, 'Single'),
(314, 'Single'),
(315, 'Single'),
(316, 'Single'),
(317, 'Single'),
(318, 'Single'),
(319, 'Single'),
(320, 'Single'),
(321, 'Single'),
(322, 'Single'),
(323, 'Single'),
(324, 'Single'),
(325, 'Single'),
(326, 'Single'),
(327, 'Single'),
(328, 'Single'),
(329, 'Single'),
(330, 'Single'),
(331, 'Single'),
(332, 'Single'),
(333, 'Single'),
(334, 'Single'),
(335, 'Single'),
(336, 'Single'),
(337, 'Single'),
(338, 'Single'),
(339, 'Single'),
(340, 'Single'),
(341, 'Single'),
(342, 'Single'),
(343, 'Single'),
(344, 'Single'),
(345, 'Single'),
(346, 'Single'),
(347, 'Single'),
(348, 'Single'),
(349, 'Single'),
(350, 'Single'),
(351, 'Single'),
(352, 'Single'),
(353, 'Single'),
(354, 'Single'),
(355, 'Single'),
(356, 'Single'),
(357, 'Single'),
(358, 'Single'),
(359, 'Single'),
(360, 'Single'),
(361, 'Single'),
(362, 'Single'),
(363, 'Single'),
(364, 'Single'),
(365, 'Single'),
(366, 'Single'),
(367, 'Single'),
(368, 'Single'),
(369, 'Single'),
(370, 'Single'),
(371, 'Single'),
(372, 'Single'),
(373, 'Single'),
(374, 'Single'),
(375, 'Single'),
(376, 'Single'),
(377, 'Single'),
(378, 'Single'),
(379, 'Single'),
(380, 'Single'),
(381, 'Single'),
(382, 'Single'),
(383, 'Single'),
(384, 'Single'),
(385, 'Single'),
(386, 'Single'),
(387, 'Single'),
(388, 'Single'),
(389, 'Single'),
(390, 'Single'),
(391, 'Single'),
(392, 'Single'),
(393, 'Single'),
(394, 'Single'),
(395, 'Single'),
(396, 'Single'),
(397, 'Single'),
(398, 'Single'),
(399, 'Single'),
(400, 'Single'),
(401, 'Single'),
(402, 'Single'),
(403, 'Single'),
(404, 'Single'),
(405, 'Single'),
(406, 'Single'),
(407, 'Single'),
(408, 'Single'),
(409, 'Single'),
(410, 'Single'),
(411, 'Single'),
(412, 'Single'),
(413, 'Single'),
(414, 'Single'),
(415, 'Single'),
(416, 'Single'),
(417, 'Single'),
(13, 'Super King'),
(14, 'Super King'),
(15, 'Super King'),
(16, 'Super King'),
(17, 'Super King'),
(18, 'Super King'),
(19, 'Super King'),
(20, 'Super King'),
(21, 'Super King'),
(22, 'Super King'),
(23, 'Super King'),
(24, 'Super King'),
(25, 'Super King'),
(26, 'Super King'),
(27, 'Super King'),
(28, 'Super King'),
(29, 'Super King'),
(30, 'Super King'),
(31, 'Super King'),
(32, 'Super King'),
(33, 'Super King'),
(34, 'Super King'),
(35, 'Super King'),
(36, 'Super King'),
(37, 'Super King'),
(38, 'Super King'),
(39, 'Super King'),
(40, 'Super King'),
(41, 'Super King'),
(42, 'Super King'),
(43, 'Super King'),
(44, 'Super King'),
(45, 'Super King'),
(46, 'Super King'),
(47, 'Super King'),
(48, 'Super King'),
(49, 'Super King'),
(50, 'Super King'),
(51, 'Super King'),
(52, 'Super King'),
(53, 'Super King'),
(54, 'Super King'),
(55, 'Super King'),
(56, 'Super King'),
(57, 'Super King'),
(58, 'Super King'),
(59, 'Super King'),
(60, 'Super King'),
(61, 'Super King'),
(62, 'Super King'),
(63, 'Super King'),
(64, 'Super King'),
(65, 'Super King'),
(66, 'Super King'),
(67, 'Super King'),
(68, 'Super King'),
(69, 'Super King'),
(70, 'Super King'),
(71, 'Super King'),
(72, 'Super King'),
(73, 'Super King'),
(74, 'Super King'),
(75, 'Super King'),
(76, 'Super King'),
(77, 'Super King'),
(78, 'Super King'),
(79, 'Super King'),
(80, 'Super King'),
(81, 'Super King'),
(82, 'Super King'),
(83, 'Super King'),
(84, 'Super King'),
(85, 'Super King'),
(86, 'Super King'),
(87, 'Super King'),
(88, 'Super King'),
(89, 'Super King'),
(90, 'Super King'),
(91, 'Super King'),
(92, 'Super King'),
(93, 'Super King'),
(94, 'Super King'),
(95, 'Super King'),
(96, 'Super King'),
(97, 'Super King'),
(98, 'Super King'),
(99, 'Super King'),
(100, 'Super King'),
(101, 'Super King'),
(102, 'Super King'),
(103, 'Super King'),
(104, 'Super King'),
(105, 'Super King'),
(106, 'Super King'),
(107, 'Super King'),
(108, 'Super King'),
(109, 'Super King'),
(110, 'Super King'),
(111, 'Super King'),
(112, 'Super King'),
(113, 'Super King'),
(114, 'Super King'),
(115, 'Super King'),
(116, 'Super King'),
(117, 'Super King'),
(118, 'Super King'),
(119, 'Super King'),
(120, 'Super King'),
(121, 'Super King'),
(122, 'Super King'),
(123, 'Super King'),
(124, 'Super King'),
(125, 'Super King'),
(126, 'Super King'),
(127, 'Super King'),
(128, 'Super King'),
(129, 'Super King'),
(130, 'Super King'),
(131, 'Super King'),
(132, 'Super King'),
(133, 'Super King'),
(134, 'Super King'),
(135, 'Super King'),
(136, 'Super King'),
(137, 'Super King'),
(138, 'Super King'),
(139, 'Super King'),
(140, 'Super King'),
(141, 'Super King'),
(142, 'Super King'),
(143, 'Super King'),
(144, 'Super King'),
(145, 'Super King'),
(146, 'Super King'),
(147, 'Super King'),
(148, 'Super King'),
(149, 'Super King'),
(150, 'Super King'),
(151, 'Super King'),
(152, 'Super King'),
(153, 'Super King'),
(154, 'Super King'),
(155, 'Super King'),
(156, 'Super King'),
(157, 'Super King'),
(158, 'Super King'),
(159, 'Super King'),
(160, 'Super King'),
(161, 'Super King'),
(162, 'Super King'),
(163, 'Super King'),
(164, 'Super King'),
(165, 'Super King'),
(166, 'Super King'),
(167, 'Super King'),
(168, 'Super King'),
(169, 'Super King'),
(170, 'Super King'),
(171, 'Super King'),
(172, 'Super King'),
(173, 'Super King'),
(174, 'Super King'),
(175, 'Super King'),
(176, 'Super King'),
(177, 'Super King'),
(178, 'Super King'),
(179, 'Super King'),
(180, 'Super King'),
(181, 'Super King'),
(182, 'Super King'),
(183, 'Super King'),
(184, 'Super King'),
(185, 'Super King'),
(186, 'Super King'),
(187, 'Super King'),
(188, 'Super King'),
(189, 'Super King'),
(190, 'Super King'),
(191, 'Super King'),
(192, 'Super King'),
(193, 'Super King'),
(194, 'Super King'),
(195, 'Super King'),
(196, 'Super King'),
(197, 'Super King'),
(198, 'Super King'),
(199, 'Super King'),
(200, 'Super King'),
(201, 'Super King'),
(202, 'Super King'),
(203, 'Super King'),
(204, 'Super King'),
(205, 'Super King'),
(206, 'Super King'),
(207, 'Super King'),
(208, 'Super King'),
(209, 'Super King'),
(210, 'Super King'),
(211, 'Super King'),
(212, 'Super King'),
(213, 'Super King'),
(214, 'Super King'),
(215, 'Super King'),
(216, 'Super King'),
(217, 'Super King'),
(218, 'Super King'),
(219, 'Super King'),
(220, 'Super King'),
(221, 'Super King'),
(222, 'Super King'),
(223, 'Super King'),
(224, 'Super King'),
(225, 'Super King'),
(226, 'Super King'),
(227, 'Super King'),
(228, 'Super King'),
(229, 'Super King'),
(230, 'Super King'),
(231, 'Super King'),
(232, 'Super King'),
(233, 'Super King'),
(234, 'Super King'),
(235, 'Super King'),
(236, 'Super King'),
(237, 'Super King'),
(238, 'Super King'),
(239, 'Super King'),
(240, 'Super King'),
(241, 'Super King'),
(242, 'Super King'),
(243, 'Super King'),
(244, 'Super King'),
(245, 'Super King'),
(246, 'Super King'),
(247, 'Super King'),
(248, 'Super King'),
(249, 'Super King'),
(250, 'Super King'),
(251, 'Super King'),
(252, 'Super King'),
(253, 'Super King'),
(254, 'Super King'),
(255, 'Super King'),
(256, 'Super King'),
(257, 'Super King'),
(258, 'Super King'),
(259, 'Super King'),
(260, 'Super King'),
(261, 'Super King'),
(262, 'Super King'),
(263, 'Super King'),
(264, 'Super King'),
(265, 'Super King'),
(266, 'Super King'),
(267, 'Super King'),
(268, 'Super King'),
(269, 'Super King'),
(270, 'Super King'),
(271, 'Super King'),
(272, 'Super King'),
(273, 'Super King'),
(274, 'Super King'),
(275, 'Super King'),
(276, 'Super King'),
(277, 'Super King'),
(278, 'Super King'),
(279, 'Super King'),
(280, 'Super King'),
(281, 'Super King'),
(282, 'Super King'),
(283, 'Super King'),
(284, 'Super King'),
(285, 'Super King'),
(286, 'Super King'),
(287, 'Super King'),
(288, 'Super King'),
(289, 'Super King'),
(290, 'Super King'),
(291, 'Super King'),
(292, 'Super King'),
(293, 'Super King'),
(294, 'Super King'),
(295, 'Super King'),
(296, 'Super King'),
(297, 'Super King'),
(298, 'Super King'),
(299, 'Super King'),
(300, 'Super King'),
(301, 'Super King'),
(302, 'Super King'),
(303, 'Super King'),
(304, 'Super King'),
(305, 'Super King'),
(306, 'Super King'),
(307, 'Super King'),
(308, 'Super King'),
(309, 'Super King'),
(310, 'Super King'),
(311, 'Super King'),
(312, 'Super King'),
(313, 'Super King'),
(314, 'Super King'),
(315, 'Super King'),
(316, 'Super King'),
(317, 'Super King'),
(318, 'Super King'),
(319, 'Super King'),
(320, 'Super King'),
(321, 'Super King'),
(322, 'Super King'),
(323, 'Super King'),
(324, 'Super King'),
(325, 'Super King'),
(326, 'Super King'),
(327, 'Super King'),
(328, 'Super King'),
(329, 'Super King'),
(330, 'Super King'),
(331, 'Super King'),
(332, 'Super King'),
(333, 'Super King'),
(334, 'Super King'),
(335, 'Super King'),
(336, 'Super King'),
(337, 'Super King'),
(338, 'Super King'),
(339, 'Super King'),
(340, 'Super King'),
(341, 'Super King'),
(342, 'Super King'),
(343, 'Super King'),
(344, 'Super King'),
(345, 'Super King'),
(346, 'Super King'),
(347, 'Super King'),
(348, 'Super King'),
(349, 'Super King'),
(350, 'Super King'),
(351, 'Super King'),
(352, 'Super King'),
(353, 'Super King'),
(354, 'Super King'),
(355, 'Super King'),
(356, 'Super King'),
(357, 'Super King'),
(358, 'Super King'),
(359, 'Super King'),
(360, 'Super King'),
(361, 'Super King'),
(362, 'Super King'),
(363, 'Super King'),
(364, 'Super King'),
(365, 'Super King'),
(366, 'Super King'),
(367, 'Super King'),
(368, 'Super King'),
(369, 'Super King'),
(370, 'Super King'),
(371, 'Super King'),
(372, 'Super King'),
(373, 'Super King'),
(374, 'Super King'),
(375, 'Super King'),
(376, 'Super King'),
(377, 'Super King'),
(378, 'Super King'),
(379, 'Super King'),
(380, 'Super King'),
(381, 'Super King'),
(382, 'Super King'),
(383, 'Super King'),
(384, 'Super King'),
(385, 'Super King'),
(386, 'Super King'),
(387, 'Super King'),
(388, 'Super King'),
(389, 'Super King'),
(390, 'Super King'),
(391, 'Super King'),
(392, 'Super King'),
(393, 'Super King'),
(394, 'Super King'),
(395, 'Super King'),
(396, 'Super King'),
(397, 'Super King'),
(398, 'Super King'),
(399, 'Super King'),
(400, 'Super King'),
(401, 'Super King'),
(402, 'Super King'),
(403, 'Super King'),
(404, 'Super King'),
(405, 'Super King'),
(406, 'Super King'),
(407, 'Super King'),
(408, 'Super King'),
(409, 'Super King'),
(410, 'Super King'),
(411, 'Super King'),
(412, 'Super King'),
(413, 'Super King'),
(414, 'Super King'),
(415, 'Super King'),
(416, 'Super King'),
(417, 'Super King');


INSERT INTO `product` (`PRODUCT_ID`, `PRODUCT_TYPE`, `PATTERN_ID`, `COLOUR_ID`, `DELETED`, `FABRIC_ID`) VALUES
(1, 'Bedding', 1, 2, 'Y', 1),
(2, 'Bedding', 2, 1, 'Y', 1),
(3, 'Bedding', 3, 2, 'Y', 3),
(4, 'Bedding', 4, 7, 'Y', 3),
(5, 'Bedding', 5, 2, 'Y', 6),
(6, 'Bedding', 4, 4, 'Y', 4),
(7, 'Bedding', 4, 1, 'Y', 2),
(8, 'Bedding', 2, 9, 'Y', 5),
(9, 'Bedding', 4, 6, 'Y', 4),
(10, 'Bedding', 3, 3, 'Y', 3),
(11, 'Bedding', 6, 1, 'Y', 5),
(12, 'Bedding', 7, 1, 'Y', 4),
(13, 'Bedding', 8, 10, 'Y', 6),
(14, 'Bedding', 8, 9, 'Y', 2),
(15, 'Bedding', 8, 5, 'Y', 4),
(16, 'Bedding', 8, 15, 'Y', 3),
(17, 'Bedding', 8, 15, 'Y', 5),
(18, 'Bedding', 8, 6, 'Y', 1),
(19, 'Bedding', 8, 6, 'Y', 2),
(20, 'Bedding', 8, 6, 'Y', 4),
(21, 'Bedding', 8, 8, 'Y', 4),
(22, 'Bedding', 8, 8, 'Y', 6),
(23, 'Bedding', 8, 3, 'Y', 2),
(24, 'Bedding', 8, 3, 'Y', 1),
(25, 'Bedding', 9, 5, 'Y', 1),
(26, 'Bedding', 9, 5, 'Y', 2),
(27, 'Bedding', 9, 10, 'Y', 3),
(28, 'Bedding', 9, 10, 'Y', 5),
(29, 'Bedding', 9, 6, 'Y', 5),
(30, 'Bedding', 9, 6, 'Y', 6),
(31, 'Bedding', 9, 3, 'Y', 2),
(32, 'Bedding', 9, 3, 'Y', 3),
(33, 'Bedding', 11, 2, 'Y', 1),
(34, 'Bedding', 11, 2, 'Y', 3),
(35, 'Bedding', 11, 5, 'Y', 1),
(36, 'Bedding', 11, 6, 'Y', 1),
(37, 'Bedding', 11, 6, 'Y', 4),
(38, 'Bedding', 11, 8, 'Y', 2),
(39, 'Bedding', 13, 5, 'Y', 1),
(40, 'Bedding', 13, 5, 'Y', 2),
(41, 'Bedding', 13, 15, 'Y', 1),
(42, 'Bedding', 13, 15, 'Y', 3),
(43, 'Bedding', 13, 7, 'Y', 5),
(44, 'Bedding', 13, 8, 'Y', 1),
(45, 'Bedding', 13, 8, 'Y', 4),
(46, 'Bedding', 13, 4, 'Y', 2),
(47, 'Bedding', 14, 2, 'Y', 1),
(48, 'Bedding', 14, 2, 'Y', 5),
(49, 'Bedding', 14, 5, 'Y', 2),
(50, 'Bedding', 14, 5, 'Y', 3),
(51, 'Bedding', 14, 10, 'Y', 1),
(52, 'Bedding', 14, 10, 'Y', 5),
(53, 'Bedding', 14, 6, 'Y', 2),
(54, 'Bedding', 14, 6, 'Y', 4),
(55, 'Bedding', 15, 2, 'Y', 1),
(56, 'Bedding', 15, 2, 'Y', 5),
(57, 'Bedding', 15, 10, 'Y', 1),
(58, 'Bedding', 15, 10, 'Y', 5),
(59, 'Bedding', 15, 6, 'Y', 2),
(60, 'Bedding', 15, 6, 'Y', 5),
(61, 'Bedding', 15, 3, 'Y', 1),
(62, 'Bedding', 15, 3, 'Y', 6),
(63, 'Bedding', 15, 7, 'Y', 1),
(64, 'Bedding', 15, 7, 'Y', 2),
(65, 'Bedding', 12, 5, 'Y', 4),
(66, 'Bedding', 12, 5, 'Y', 3),
(67, 'Bedding', 12, 15, 'Y', 2),
(68, 'Bedding', 12, 15, 'Y', 4),
(69, 'Bedding', 12, 10, 'Y', 4),
(70, 'Bedding', 12, 6, 'Y', 3),
(71, 'Bedding', 12, 6, 'Y', 4),
(72, 'Bedding', 12, 8, 'Y', 1),
(73, 'Bedding', 6, 5, 'Y', 3),
(74, 'Bedding', 5, 7, 'Y', 4),
(75, 'Bedding', 16, 3, 'Y', 1),
(76, 'Bedding', 17, 5, 'N', 1),
(77, 'Bedding', 17, 5, 'N', 2),
(78, 'Bedding', 17, 5, 'N', 3),
(79, 'Bedding', 17, 5, 'N', 4),
(80, 'Bedding', 17, 5, 'N', 5),
(81, 'Bedding', 17, 5, 'N', 6),
(82, 'Bedding', 17, 10, 'N', 1),
(83, 'Bedding', 17, 10, 'N', 2),
(84, 'Bedding', 17, 10, 'N', 3),
(85, 'Bedding', 17, 10, 'N', 4),
(86, 'Bedding', 17, 10, 'N', 5),
(87, 'Bedding', 17, 10, 'N', 6),
(88, 'Bedding', 17, 6, 'N', 1),
(89, 'Bedding', 17, 6, 'N', 2),
(90, 'Bedding', 17, 6, 'N', 3),
(91, 'Bedding', 17, 6, 'N', 4),
(92, 'Bedding', 17, 6, 'N', 5),
(93, 'Bedding', 17, 6, 'N', 6),
(94, 'Bedding', 17, 7, 'N', 1),
(95, 'Bedding', 17, 7, 'N', 2),
(96, 'Bedding', 17, 7, 'N', 3),
(97, 'Bedding', 17, 7, 'N', 4),
(98, 'Bedding', 17, 7, 'N', 5),
(99, 'Bedding', 17, 7, 'N', 6),
(100, 'Bedding', 16, 3, 'N', 1),
(101, 'Bedding', 16, 3, 'N', 2),
(102, 'Bedding', 16, 3, 'N', 3),
(103, 'Bedding', 16, 3, 'N', 4),
(104, 'Bedding', 16, 3, 'N', 5),
(105, 'Bedding', 16, 3, 'N', 6),
(106, 'Bedding', 16, 5, 'N', 1),
(107, 'Bedding', 16, 5, 'N', 2),
(108, 'Bedding', 16, 5, 'N', 3),
(109, 'Bedding', 16, 5, 'N', 4),
(110, 'Bedding', 16, 5, 'N', 5),
(111, 'Bedding', 16, 5, 'N', 6),
(112, 'Bedding', 16, 6, 'N', 1),
(113, 'Bedding', 16, 6, 'N', 2),
(114, 'Bedding', 16, 6, 'N', 3),
(115, 'Bedding', 16, 6, 'N', 4),
(116, 'Bedding', 16, 6, 'N', 5),
(117, 'Bedding', 16, 6, 'N', 6),
(118, 'Bedding', 16, 8, 'N', 1),
(119, 'Bedding', 16, 8, 'N', 2),
(120, 'Bedding', 16, 8, 'N', 3),
(121, 'Bedding', 16, 8, 'N', 4),
(122, 'Bedding', 16, 8, 'N', 5),
(123, 'Bedding', 16, 8, 'N', 6),
(124, 'Bedding', 11, 8, 'N', 1),
(125, 'Bedding', 11, 8, 'N', 2),
(126, 'Bedding', 11, 8, 'N', 3),
(127, 'Bedding', 11, 8, 'N', 4),
(128, 'Bedding', 11, 8, 'N', 5),
(129, 'Bedding', 11, 8, 'N', 6),
(130, 'Bedding', 11, 5, 'N', 1),
(131, 'Bedding', 11, 5, 'N', 2),
(132, 'Bedding', 11, 5, 'N', 3),
(133, 'Bedding', 11, 5, 'N', 4),
(134, 'Bedding', 11, 5, 'N', 5),
(135, 'Bedding', 11, 5, 'N', 6),
(136, 'Bedding', 11, 2, 'N', 1),
(137, 'Bedding', 11, 2, 'N', 2),
(138, 'Bedding', 11, 2, 'N', 3),
(139, 'Bedding', 11, 2, 'N', 4),
(140, 'Bedding', 11, 2, 'N', 5),
(141, 'Bedding', 11, 2, 'N', 6),
(142, 'Bedding', 11, 6, 'N', 1),
(143, 'Bedding', 11, 6, 'N', 2),
(144, 'Bedding', 11, 6, 'N', 3),
(145, 'Bedding', 11, 6, 'N', 4),
(146, 'Bedding', 11, 6, 'N', 5),
(147, 'Bedding', 11, 6, 'N', 6),
(148, 'Bedding', 18, 16, 'N', 1),
(149, 'Bedding', 18, 16, 'N', 2),
(150, 'Bedding', 18, 16, 'N', 3),
(151, 'Bedding', 18, 16, 'N', 4),
(152, 'Bedding', 18, 16, 'N', 5),
(153, 'Bedding', 18, 16, 'N', 6),
(154, 'Bedding', 18, 5, 'N', 1),
(155, 'Bedding', 18, 5, 'N', 2),
(156, 'Bedding', 18, 5, 'N', 3),
(157, 'Bedding', 18, 5, 'N', 4),
(158, 'Bedding', 18, 5, 'N', 5),
(159, 'Bedding', 18, 5, 'N', 6),
(160, 'Bedding', 18, 4, 'N', 1),
(161, 'Bedding', 18, 4, 'N', 2),
(162, 'Bedding', 18, 4, 'N', 3),
(163, 'Bedding', 18, 4, 'N', 4),
(164, 'Bedding', 18, 4, 'N', 5),
(165, 'Bedding', 18, 4, 'N', 6),
(166, 'Bedding', 18, 8, 'N', 1),
(167, 'Bedding', 18, 8, 'N', 2),
(168, 'Bedding', 18, 8, 'N', 3),
(169, 'Bedding', 18, 8, 'N', 4),
(170, 'Bedding', 18, 8, 'N', 5),
(171, 'Bedding', 18, 8, 'N', 6),
(172, 'Bedding', 20, 7, 'N', 1),
(173, 'Bedding', 20, 7, 'N', 2),
(174, 'Bedding', 20, 7, 'N', 3),
(175, 'Bedding', 20, 7, 'N', 4),
(176, 'Bedding', 20, 7, 'N', 5),
(177, 'Bedding', 20, 7, 'N', 6),
(178, 'Bedding', 20, 5, 'N', 1),
(179, 'Bedding', 20, 5, 'N', 2),
(180, 'Bedding', 20, 5, 'N', 3),
(181, 'Bedding', 20, 5, 'N', 4),
(182, 'Bedding', 20, 5, 'N', 5),
(183, 'Bedding', 20, 5, 'N', 6),
(184, 'Bedding', 20, 8, 'N', 1),
(185, 'Bedding', 20, 8, 'N', 2),
(186, 'Bedding', 20, 8, 'N', 3),
(187, 'Bedding', 20, 8, 'N', 4),
(188, 'Bedding', 20, 8, 'N', 5),
(189, 'Bedding', 20, 8, 'N', 6),
(190, 'Bedding', 20, 4, 'N', 1),
(191, 'Bedding', 20, 4, 'N', 2),
(192, 'Bedding', 20, 4, 'N', 3),
(193, 'Bedding', 20, 4, 'N', 4),
(194, 'Bedding', 20, 4, 'N', 5),
(195, 'Bedding', 20, 4, 'N', 6),
(196, 'Bedding', 8, 5, 'N', 1),
(197, 'Bedding', 8, 5, 'N', 2),
(198, 'Bedding', 8, 5, 'N', 3),
(199, 'Bedding', 8, 5, 'N', 4),
(200, 'Bedding', 8, 5, 'N', 5),
(201, 'Bedding', 8, 5, 'N', 6),
(202, 'Bedding', 8, 15, 'N', 1),
(203, 'Bedding', 8, 15, 'N', 2),
(204, 'Bedding', 8, 15, 'N', 3),
(205, 'Bedding', 8, 15, 'N', 4),
(206, 'Bedding', 8, 15, 'N', 5),
(207, 'Bedding', 8, 15, 'N', 6),
(208, 'Bedding', 8, 6, 'N', 1),
(209, 'Bedding', 8, 6, 'N', 2),
(210, 'Bedding', 8, 6, 'N', 3),
(211, 'Bedding', 8, 6, 'N', 4),
(212, 'Bedding', 8, 6, 'N', 5),
(213, 'Bedding', 8, 6, 'N', 6),
(214, 'Bedding', 8, 8, 'N', 1),
(215, 'Bedding', 8, 8, 'N', 2),
(216, 'Bedding', 8, 8, 'N', 3),
(217, 'Bedding', 8, 8, 'N', 4),
(218, 'Bedding', 8, 8, 'N', 5),
(219, 'Bedding', 8, 8, 'N', 6),
(220, 'Bedding', 8, 3, 'N', 1),
(221, 'Bedding', 8, 3, 'N', 2),
(222, 'Bedding', 8, 3, 'N', 3),
(223, 'Bedding', 8, 3, 'N', 4),
(224, 'Bedding', 8, 3, 'N', 5),
(225, 'Bedding', 8, 3, 'N', 6),
(226, 'Bedding', 19, 5, 'N', 1),
(227, 'Bedding', 19, 5, 'N', 2),
(228, 'Bedding', 19, 5, 'N', 3),
(229, 'Bedding', 19, 5, 'N', 4),
(230, 'Bedding', 19, 5, 'N', 5),
(231, 'Bedding', 19, 5, 'N', 6),
(232, 'Bedding', 19, 15, 'N', 1),
(233, 'Bedding', 19, 15, 'N', 2),
(234, 'Bedding', 19, 15, 'N', 3),
(235, 'Bedding', 19, 15, 'N', 4),
(236, 'Bedding', 19, 15, 'N', 5),
(237, 'Bedding', 19, 15, 'N', 6),
(238, 'Bedding', 19, 6, 'N', 1),
(239, 'Bedding', 19, 6, 'N', 2),
(240, 'Bedding', 19, 6, 'N', 3),
(241, 'Bedding', 19, 6, 'N', 4),
(242, 'Bedding', 19, 6, 'N', 5),
(243, 'Bedding', 19, 6, 'N', 6),
(244, 'Bedding', 19, 8, 'N', 1),
(245, 'Bedding', 19, 8, 'N', 2),
(246, 'Bedding', 19, 8, 'N', 3),
(247, 'Bedding', 19, 8, 'N', 4),
(248, 'Bedding', 19, 8, 'N', 5),
(249, 'Bedding', 19, 8, 'N', 6),
(250, 'Bedding', 9, 5, 'N', 1),
(251, 'Bedding', 9, 5, 'N', 2),
(252, 'Bedding', 9, 5, 'N', 3),
(253, 'Bedding', 9, 5, 'N', 4),
(254, 'Bedding', 9, 5, 'N', 5),
(255, 'Bedding', 9, 5, 'N', 6),
(256, 'Bedding', 9, 6, 'N', 1),
(257, 'Bedding', 9, 6, 'N', 2),
(258, 'Bedding', 9, 6, 'N', 3),
(259, 'Bedding', 9, 6, 'N', 4),
(260, 'Bedding', 9, 6, 'N', 5),
(261, 'Bedding', 9, 6, 'N', 6),
(262, 'Bedding', 9, 3, 'N', 1),
(263, 'Bedding', 9, 3, 'N', 2),
(264, 'Bedding', 9, 3, 'N', 3),
(265, 'Bedding', 9, 3, 'N', 4),
(266, 'Bedding', 9, 3, 'N', 5),
(267, 'Bedding', 9, 3, 'N', 6),
(268, 'Bedding', 9, 4, 'N', 1),
(269, 'Bedding', 9, 4, 'N', 2),
(270, 'Bedding', 9, 4, 'N', 3),
(271, 'Bedding', 9, 4, 'N', 4),
(272, 'Bedding', 9, 4, 'N', 5),
(273, 'Bedding', 9, 4, 'N', 6),
(274, 'Bedding', 21, 2, 'N', 1),
(275, 'Bedding', 21, 2, 'N', 2),
(276, 'Bedding', 21, 2, 'N', 3),
(277, 'Bedding', 21, 2, 'N', 4),
(278, 'Bedding', 21, 2, 'N', 5),
(279, 'Bedding', 21, 2, 'N', 6),
(280, 'Bedding', 21, 5, 'N', 1),
(281, 'Bedding', 21, 5, 'N', 2),
(282, 'Bedding', 21, 5, 'N', 3),
(283, 'Bedding', 21, 5, 'N', 4),
(284, 'Bedding', 21, 5, 'N', 5),
(285, 'Bedding', 21, 5, 'N', 6),
(286, 'Bedding', 21, 6, 'N', 1),
(287, 'Bedding', 21, 6, 'N', 2),
(288, 'Bedding', 21, 6, 'N', 3),
(289, 'Bedding', 21, 6, 'N', 4),
(290, 'Bedding', 21, 6, 'N', 5),
(291, 'Bedding', 21, 6, 'N', 6),
(292, 'Bedding', 21, 4, 'N', 1),
(293, 'Bedding', 21, 4, 'N', 2),
(294, 'Bedding', 21, 4, 'N', 3),
(295, 'Bedding', 21, 4, 'N', 4),
(296, 'Bedding', 21, 4, 'N', 5),
(297, 'Bedding', 21, 4, 'N', 6),
(298, 'Bedding', 13, 5, 'N', 1),
(299, 'Bedding', 13, 5, 'N', 2),
(300, 'Bedding', 13, 5, 'N', 3),
(301, 'Bedding', 13, 5, 'N', 4),
(302, 'Bedding', 13, 5, 'N', 5),
(303, 'Bedding', 13, 5, 'N', 6),
(304, 'Bedding', 13, 15, 'N', 1),
(305, 'Bedding', 13, 15, 'N', 2),
(306, 'Bedding', 13, 15, 'N', 3),
(307, 'Bedding', 13, 15, 'N', 4),
(308, 'Bedding', 13, 15, 'N', 5),
(309, 'Bedding', 13, 15, 'N', 6),
(310, 'Bedding', 13, 8, 'N', 1),
(311, 'Bedding', 13, 8, 'N', 2),
(312, 'Bedding', 13, 8, 'N', 3),
(313, 'Bedding', 13, 8, 'N', 4),
(314, 'Bedding', 13, 8, 'N', 5),
(315, 'Bedding', 13, 8, 'N', 6),
(316, 'Bedding', 13, 4, 'N', 1),
(317, 'Bedding', 13, 4, 'N', 2),
(318, 'Bedding', 13, 4, 'N', 3),
(319, 'Bedding', 13, 4, 'N', 4),
(320, 'Bedding', 13, 4, 'N', 5),
(321, 'Bedding', 13, 4, 'N', 6),
(322, 'Bedding', 22, 6, 'N', 1),
(323, 'Bedding', 22, 6, 'N', 2),
(324, 'Bedding', 22, 6, 'N', 3),
(325, 'Bedding', 22, 6, 'N', 4),
(326, 'Bedding', 22, 6, 'N', 5),
(327, 'Bedding', 22, 6, 'N', 6),
(328, 'Bedding', 22, 5, 'N', 1),
(329, 'Bedding', 22, 5, 'N', 2),
(330, 'Bedding', 22, 5, 'N', 3),
(331, 'Bedding', 22, 5, 'N', 4),
(332, 'Bedding', 22, 5, 'N', 5),
(333, 'Bedding', 22, 5, 'N', 6),
(334, 'Bedding', 22, 7, 'N', 1),
(335, 'Bedding', 22, 7, 'N', 2),
(336, 'Bedding', 22, 7, 'N', 3),
(337, 'Bedding', 22, 7, 'N', 4),
(338, 'Bedding', 22, 7, 'N', 5),
(339, 'Bedding', 22, 7, 'N', 6),
(340, 'Bedding', 22, 8, 'N', 1),
(341, 'Bedding', 22, 8, 'N', 2),
(342, 'Bedding', 22, 8, 'N', 3),
(343, 'Bedding', 22, 8, 'N', 4),
(344, 'Bedding', 22, 8, 'N', 5),
(345, 'Bedding', 22, 8, 'N', 6),
(346, 'Bedding', 14, 2, 'N', 1),
(347, 'Bedding', 14, 2, 'N', 2),
(348, 'Bedding', 14, 2, 'N', 3),
(349, 'Bedding', 14, 2, 'N', 4),
(350, 'Bedding', 14, 2, 'N', 5),
(351, 'Bedding', 14, 2, 'N', 6),
(352, 'Bedding', 14, 5, 'N', 1),
(353, 'Bedding', 14, 5, 'N', 2),
(354, 'Bedding', 14, 5, 'N', 3),
(355, 'Bedding', 14, 5, 'N', 4),
(356, 'Bedding', 14, 5, 'N', 5),
(357, 'Bedding', 14, 5, 'N', 6),
(358, 'Bedding', 14, 10, 'N', 1),
(359, 'Bedding', 14, 10, 'N', 2),
(360, 'Bedding', 14, 10, 'N', 3),
(361, 'Bedding', 14, 10, 'N', 4),
(362, 'Bedding', 14, 10, 'N', 5),
(363, 'Bedding', 14, 10, 'N', 6),
(364, 'Bedding', 14, 6, 'N', 1),
(365, 'Bedding', 14, 6, 'N', 2),
(366, 'Bedding', 14, 6, 'N', 3),
(367, 'Bedding', 14, 6, 'N', 4),
(368, 'Bedding', 14, 6, 'N', 5),
(369, 'Bedding', 14, 6, 'N', 6),
(370, 'Bedding', 14, 8, 'N', 1),
(371, 'Bedding', 14, 8, 'N', 2),
(372, 'Bedding', 14, 8, 'N', 3),
(373, 'Bedding', 14, 8, 'N', 4),
(374, 'Bedding', 14, 8, 'N', 5),
(375, 'Bedding', 14, 8, 'N', 6),
(376, 'Bedding', 15, 2, 'Y', 1),
(377, 'Bedding', 15, 2, 'Y', 2),
(378, 'Bedding', 15, 2, 'Y', 3),
(379, 'Bedding', 15, 2, 'Y', 4),
(380, 'Bedding', 15, 2, 'Y', 5),
(381, 'Bedding', 15, 2, 'Y', 6),
(382, 'Bedding', 15, 10, 'Y', 1),
(383, 'Bedding', 15, 10, 'Y', 2),
(384, 'Bedding', 15, 10, 'Y', 3),
(385, 'Bedding', 15, 10, 'Y', 4),
(386, 'Bedding', 15, 10, 'Y', 5),
(387, 'Bedding', 15, 10, 'Y', 6),
(388, 'Bedding', 15, 6, 'Y', 1),
(389, 'Bedding', 15, 6, 'Y', 2),
(390, 'Bedding', 15, 6, 'Y', 3),
(391, 'Bedding', 15, 6, 'Y', 4),
(392, 'Bedding', 15, 6, 'Y', 5),
(393, 'Bedding', 15, 6, 'Y', 6),
(394, 'Bedding', 15, 2, 'N', 1),
(395, 'Bedding', 15, 2, 'N', 2),
(396, 'Bedding', 15, 2, 'N', 3),
(397, 'Bedding', 15, 2, 'N', 4),
(398, 'Bedding', 15, 2, 'N', 5),
(399, 'Bedding', 15, 2, 'N', 6),
(400, 'Bedding', 15, 6, 'N', 1),
(401, 'Bedding', 15, 6, 'N', 2),
(402, 'Bedding', 15, 6, 'N', 3),
(403, 'Bedding', 15, 6, 'N', 4),
(404, 'Bedding', 15, 6, 'N', 5),
(405, 'Bedding', 15, 6, 'N', 6),
(406, 'Bedding', 15, 7, 'N', 1),
(407, 'Bedding', 15, 7, 'N', 2),
(408, 'Bedding', 15, 7, 'N', 3),
(409, 'Bedding', 15, 7, 'N', 4),
(410, 'Bedding', 15, 7, 'N', 5),
(411, 'Bedding', 15, 7, 'N', 6),
(412, 'Bedding', 15, 3, 'N', 1),
(413, 'Bedding', 15, 3, 'N', 2),
(414, 'Bedding', 15, 3, 'N', 3),
(415, 'Bedding', 15, 3, 'N', 4),
(416, 'Bedding', 15, 3, 'N', 5),
(417, 'Bedding', 15, 3, 'N', 6);

-- --------------------------------------------------------

--
-- Table structure for table `product_image`
--


INSERT INTO `product_image` (`PRODUCT_ID`, `IMAGE_ID`, `IMAGE_URL`) VALUES
(1, 1, 'https://s3-us-west-2.amazonaws.com/elasticbeanstalk-us-west-2-126347216585/Product+Images/P1.png'),
(1, 2, 'https://s3-us-west-2.amazonaws.com/elasticbeanstalk-us-west-2-126347216585/Product+Images/1_2.png'),
(2, 1, 'https://s3-us-west-2.amazonaws.com/elasticbeanstalk-us-west-2-126347216585/Product+Images/P2.png'),
(2, 2, 'https://s3-us-west-2.amazonaws.com/elasticbeanstalk-us-west-2-126347216585/Product+Images/2_2.png'),
(3, 1, 'https://s3-us-west-2.amazonaws.com/elasticbeanstalk-us-west-2-126347216585/Product+Images/P3.png'),
(3, 2, 'https://s3-us-west-2.amazonaws.com/elasticbeanstalk-us-west-2-126347216585/Product+Images/3_2.png'),
(4, 1, 'https://s3-us-west-2.amazonaws.com/elasticbeanstalk-us-west-2-126347216585/Product+Images/P4.png'),
(4, 2, 'https://s3-us-west-2.amazonaws.com/elasticbeanstalk-us-west-2-126347216585/Product+Images/4_2.png'),
(4, 3, 'https://s3-us-west-2.amazonaws.com/elasticbeanstalk-us-west-2-126347216585/Product+Images/3_3.png'),
(5, 1, 'https://s3-us-west-2.amazonaws.com/elasticbeanstalk-us-west-2-126347216585/Product+Images/P5.png'),
(5, 2, 'https://s3-us-west-2.amazonaws.com/elasticbeanstalk-us-west-2-126347216585/Product+Images/5_2.png'),
(6, 1, 'https://s3-us-west-2.amazonaws.com/elasticbeanstalk-us-west-2-126347216585/Product+Images/P6.png'),
(6, 2, 'https://s3-us-west-2.amazonaws.com/elasticbeanstalk-us-west-2-126347216585/Product+Images/6_2.png'),
(7, 1, 'https://s3-us-west-2.amazonaws.com/elasticbeanstalk-us-west-2-126347216585/Product+Images/P7.png'),
(7, 2, 'https://s3-us-west-2.amazonaws.com/elasticbeanstalk-us-west-2-126347216585/Product+Images/7_2.png'),
(7, 3, 'https://s3-us-west-2.amazonaws.com/elasticbeanstalk-us-west-2-126347216585/Product+Images/7_3.png'),
(8, 1, 'https://s3-us-west-2.amazonaws.com/elasticbeanstalk-us-west-2-126347216585/Product+Images/P8.png'),
(8, 2, 'https://s3-us-west-2.amazonaws.com/elasticbeanstalk-us-west-2-126347216585/Product+Images/8_2.png'),
(9, 1, 'https://s3-us-west-2.amazonaws.com/elasticbeanstalk-us-west-2-126347216585/Product+Images/P9.png'),
(9, 2, 'https://s3-us-west-2.amazonaws.com/elasticbeanstalk-us-west-2-126347216585/Product+Images/9_2.png'),
(10, 1, 'https://s3-us-west-2.amazonaws.com/elasticbeanstalk-us-west-2-126347216585/Product+Images/P10.png'),
(10, 2, 'https://s3-us-west-2.amazonaws.com/elasticbeanstalk-us-west-2-126347216585/Product+Images/10_2.png'),
(11, 1, 'https://s3-us-west-2.amazonaws.com/elasticbeanstalk-us-west-2-126347216585/Product+Images/P11.png'),
(11, 2, 'https://s3-us-west-2.amazonaws.com/elasticbeanstalk-us-west-2-126347216585/Product+Images/11_2.png'),
(12, 1, 'https://s3-us-west-2.amazonaws.com/elasticbeanstalk-us-west-2-126347216585/Product+Images/P12.png'),
(12, 2, 'https://s3-us-west-2.amazonaws.com/elasticbeanstalk-us-west-2-126347216585/Product+Images/12_2.png'),
(13, 1, 'https://s3-ap-southeast-1.amazonaws.com/highlanderbucket/Product+Images/13_1.png'),
(13, 2, 'https://s3-ap-southeast-1.amazonaws.com/highlanderbucket/Product+Images/13_2_13_2.png'),
(13, 3, 'https://s3-ap-southeast-1.amazonaws.com/highlanderbucket/Product+Images/13_3.png'),
(14, 1, 'https://s3-ap-southeast-1.amazonaws.com/highlanderbucket/Product+Images/14_1.png'),
(14, 2, 'https://s3-ap-southeast-1.amazonaws.com/highlanderbucket/Product+Images/14_2.png'),
(14, 3, 'https://s3-ap-southeast-1.amazonaws.com/highlanderbucket/Product+Images/14_3.png'),
(15, 1, 'https://s3-ap-southeast-1.amazonaws.com/highlanderbucket/Product+Images/15_1.png'),
(15, 2, 'https://s3-ap-southeast-1.amazonaws.com/highlanderbucket/Product+Images/15_2.png'),
(15, 3, 'https://s3-ap-southeast-1.amazonaws.com/highlanderbucket/Product+Images/15_3.png'),
(16, 1, 'https://s3-ap-southeast-1.amazonaws.com/highlanderbucket/Product+Images/16_1.png'),
(16, 2, 'https://s3-ap-southeast-1.amazonaws.com/highlanderbucket/Product+Images/16_2.png'),
(16, 3, 'https://s3-ap-southeast-1.amazonaws.com/highlanderbucket/Product+Images/16_3.png'),
(17, 1, 'https://s3-ap-southeast-1.amazonaws.com/highlanderbucket/Product+Images/17_1.png'),
(17, 2, 'https://s3-ap-southeast-1.amazonaws.com/highlanderbucket/Product+Images/17_2.png'),
(17, 3, 'https://s3-ap-southeast-1.amazonaws.com/highlanderbucket/Product+Images/17_3.png'),
(18, 1, 'https://s3-ap-southeast-1.amazonaws.com/highlanderbucket/Product+Images/18_1.png'),
(18, 2, 'https://s3-ap-southeast-1.amazonaws.com/highlanderbucket/Product+Images/18_2_18_2.png'),
(18, 3, 'https://s3-ap-southeast-1.amazonaws.com/highlanderbucket/Product+Images/18_3.png'),
(19, 1, 'https://s3-ap-southeast-1.amazonaws.com/highlanderbucket/Product+Images/19_1.png'),
(19, 2, 'https://s3-ap-southeast-1.amazonaws.com/highlanderbucket/Product+Images/19_2.png'),
(19, 3, 'https://s3-ap-southeast-1.amazonaws.com/highlanderbucket/Product+Images/19_3.png'),
(20, 1, 'https://s3-ap-southeast-1.amazonaws.com/highlanderbucket/Product+Images/20_1.png'),
(20, 2, 'https://s3-ap-southeast-1.amazonaws.com/highlanderbucket/Product+Images/20_2.png'),
(20, 3, 'https://s3-ap-southeast-1.amazonaws.com/highlanderbucket/Product+Images/20_3.png'),
(21, 1, 'https://s3-ap-southeast-1.amazonaws.com/highlanderbucket/Product+Images/21_1.png'),
(21, 2, 'https://s3-ap-southeast-1.amazonaws.com/highlanderbucket/Product+Images/21_2.png'),
(21, 3, 'https://s3-ap-southeast-1.amazonaws.com/highlanderbucket/Product+Images/21_3.png'),
(22, 1, 'https://s3-ap-southeast-1.amazonaws.com/highlanderbucket/Product+Images/22_1.png'),
(22, 2, 'https://s3-ap-southeast-1.amazonaws.com/highlanderbucket/Product+Images/22_2.png'),
(22, 3, 'https://s3-ap-southeast-1.amazonaws.com/highlanderbucket/Product+Images/22_3.png'),
(23, 1, 'https://s3-ap-southeast-1.amazonaws.com/highlanderbucket/Product+Images/23_1.png'),
(23, 2, 'https://s3-ap-southeast-1.amazonaws.com/highlanderbucket/Product+Images/23_2.png'),
(23, 3, 'https://s3-ap-southeast-1.amazonaws.com/highlanderbucket/Product+Images/23_3.png'),
(24, 1, 'https://s3-ap-southeast-1.amazonaws.com/highlanderbucket/Product+Images/24_1.png'),
(24, 2, 'https://s3-ap-southeast-1.amazonaws.com/highlanderbucket/Product+Images/24_2.png'),
(24, 3, 'https://s3-ap-southeast-1.amazonaws.com/highlanderbucket/Product+Images/24_3.png'),
(25, 1, 'https://s3-ap-southeast-1.amazonaws.com/highlanderbucket/Product+Images/25_1.png'),
(25, 2, 'https://s3-ap-southeast-1.amazonaws.com/highlanderbucket/Product+Images/25_2.png'),
(25, 3, 'https://s3-ap-southeast-1.amazonaws.com/highlanderbucket/Product+Images/25_3.png'),
(26, 1, 'https://s3-ap-southeast-1.amazonaws.com/highlanderbucket/Product+Images/26_1.png'),
(26, 2, 'https://s3-ap-southeast-1.amazonaws.com/highlanderbucket/Product+Images/26_2.png'),
(26, 3, 'https://s3-ap-southeast-1.amazonaws.com/highlanderbucket/Product+Images/26_3.png'),
(27, 1, 'https://s3-ap-southeast-1.amazonaws.com/highlanderbucket/Product+Images/27_1.png'),
(27, 2, 'https://s3-ap-southeast-1.amazonaws.com/highlanderbucket/Product+Images/27_2.png'),
(27, 3, 'https://s3-ap-southeast-1.amazonaws.com/highlanderbucket/Product+Images/27_3.png'),
(28, 1, 'https://s3-ap-southeast-1.amazonaws.com/highlanderbucket/Product+Images/28_1.png'),
(28, 2, 'https://s3-ap-southeast-1.amazonaws.com/highlanderbucket/Product+Images/28_2.png'),
(28, 3, 'https://s3-ap-southeast-1.amazonaws.com/highlanderbucket/Product+Images/28_3.png'),
(29, 1, 'https://s3-ap-southeast-1.amazonaws.com/highlanderbucket/Product+Images/29_1.png'),
(29, 2, 'https://s3-ap-southeast-1.amazonaws.com/highlanderbucket/Product+Images/29_2.png'),
(29, 3, 'https://s3-ap-southeast-1.amazonaws.com/highlanderbucket/Product+Images/29_3.png'),
(30, 1, 'https://s3-ap-southeast-1.amazonaws.com/highlanderbucket/Product+Images/30_1.png'),
(30, 2, 'https://s3-ap-southeast-1.amazonaws.com/highlanderbucket/Product+Images/30_2.png'),
(30, 3, 'https://s3-ap-southeast-1.amazonaws.com/highlanderbucket/Product+Images/30_3.png'),
(31, 1, 'https://s3-ap-southeast-1.amazonaws.com/highlanderbucket/Product+Images/31_1.png'),
(31, 2, 'https://s3-ap-southeast-1.amazonaws.com/highlanderbucket/Product+Images/31_2.png'),
(31, 3, 'https://s3-ap-southeast-1.amazonaws.com/highlanderbucket/Product+Images/31_3.png'),
(32, 1, 'https://s3-ap-southeast-1.amazonaws.com/highlanderbucket/Product+Images/32_1.png'),
(32, 2, 'https://s3-ap-southeast-1.amazonaws.com/highlanderbucket/Product+Images/32_2.png'),
(32, 3, 'https://s3-ap-southeast-1.amazonaws.com/highlanderbucket/Product+Images/32_3.png'),
(33, 1, 'https://s3-ap-southeast-1.amazonaws.com/highlanderbucket/Product+Images/33_1.png'),
(33, 2, 'https://s3-ap-southeast-1.amazonaws.com/highlanderbucket/Product+Images/33_2.png'),
(33, 3, 'https://s3-ap-southeast-1.amazonaws.com/highlanderbucket/Product+Images/33_3.png'),
(34, 1, 'https://s3-ap-southeast-1.amazonaws.com/highlanderbucket/Product+Images/34_1.png'),
(34, 2, 'https://s3-ap-southeast-1.amazonaws.com/highlanderbucket/Product+Images/34_2.png'),
(34, 3, 'https://s3-ap-southeast-1.amazonaws.com/highlanderbucket/Product+Images/34_3.png'),
(35, 1, 'https://s3-ap-southeast-1.amazonaws.com/highlanderbucket/Product+Images/35_1.png'),
(35, 2, 'https://s3-ap-southeast-1.amazonaws.com/highlanderbucket/Product+Images/35_2.png'),
(35, 3, 'https://s3-ap-southeast-1.amazonaws.com/highlanderbucket/Product+Images/35_3.png'),
(36, 1, 'https://s3-ap-southeast-1.amazonaws.com/highlanderbucket/Product+Images/36_1.png'),
(36, 2, 'https://s3-ap-southeast-1.amazonaws.com/highlanderbucket/Product+Images/36_2.png'),
(36, 3, 'https://s3-ap-southeast-1.amazonaws.com/highlanderbucket/Product+Images/36_3.png'),
(37, 1, 'https://s3-ap-southeast-1.amazonaws.com/highlanderbucket/Product+Images/37_1.png'),
(37, 2, 'https://s3-ap-southeast-1.amazonaws.com/highlanderbucket/Product+Images/37_2.png'),
(37, 3, 'https://s3-ap-southeast-1.amazonaws.com/highlanderbucket/Product+Images/37_3.png'),
(38, 1, 'https://s3-ap-southeast-1.amazonaws.com/highlanderbucket/Product+Images/38_1.png'),
(38, 2, 'https://s3-ap-southeast-1.amazonaws.com/highlanderbucket/Product+Images/38_2.png'),
(38, 3, 'https://s3-ap-southeast-1.amazonaws.com/highlanderbucket/Product+Images/38_3.png'),
(39, 1, 'https://s3-ap-southeast-1.amazonaws.com/highlanderbucket/Product+Images/39_1.png'),
(39, 2, 'https://s3-ap-southeast-1.amazonaws.com/highlanderbucket/Product+Images/39_2.png'),
(39, 3, 'https://s3-ap-southeast-1.amazonaws.com/highlanderbucket/Product+Images/39_3.png'),
(40, 1, 'https://s3-ap-southeast-1.amazonaws.com/highlanderbucket/Product+Images/40_1.png'),
(40, 2, 'https://s3-ap-southeast-1.amazonaws.com/highlanderbucket/Product+Images/40_2.png'),
(40, 3, 'https://s3-ap-southeast-1.amazonaws.com/highlanderbucket/Product+Images/40_3.png'),
(41, 1, 'https://s3-ap-southeast-1.amazonaws.com/highlanderbucket/Product+Images/41_1.png'),
(41, 2, 'https://s3-ap-southeast-1.amazonaws.com/highlanderbucket/Product+Images/41_2.png'),
(41, 3, 'https://s3-ap-southeast-1.amazonaws.com/highlanderbucket/Product+Images/41_3.png'),
(42, 1, 'https://s3-ap-southeast-1.amazonaws.com/highlanderbucket/Product+Images/42_1.png'),
(42, 2, 'https://s3-ap-southeast-1.amazonaws.com/highlanderbucket/Product+Images/42_2.png'),
(42, 3, 'https://s3-ap-southeast-1.amazonaws.com/highlanderbucket/Product+Images/42_3.png'),
(43, 1, 'https://s3-ap-southeast-1.amazonaws.com/highlanderbucket/Product+Images/43_1.png'),
(43, 2, 'https://s3-ap-southeast-1.amazonaws.com/highlanderbucket/Product+Images/43_2.png'),
(43, 3, 'https://s3-ap-southeast-1.amazonaws.com/highlanderbucket/Product+Images/43_3.png'),
(44, 1, 'https://s3-ap-southeast-1.amazonaws.com/highlanderbucket/Product+Images/44_1.png'),
(44, 2, 'https://s3-ap-southeast-1.amazonaws.com/highlanderbucket/Product+Images/44_2.png'),
(44, 3, 'https://s3-ap-southeast-1.amazonaws.com/highlanderbucket/Product+Images/44_3.png'),
(45, 1, 'https://s3-ap-southeast-1.amazonaws.com/highlanderbucket/Product+Images/45_1.png'),
(45, 2, 'https://s3-ap-southeast-1.amazonaws.com/highlanderbucket/Product+Images/45_2.png'),
(45, 3, 'https://s3-ap-southeast-1.amazonaws.com/highlanderbucket/Product+Images/45_3.png'),
(46, 1, 'https://s3-ap-southeast-1.amazonaws.com/highlanderbucket/Product+Images/46_1.png'),
(46, 2, 'https://s3-ap-southeast-1.amazonaws.com/highlanderbucket/Product+Images/46_2.png'),
(46, 3, 'https://s3-ap-southeast-1.amazonaws.com/highlanderbucket/Product+Images/46_3.png'),
(47, 1, 'https://s3-ap-southeast-1.amazonaws.com/highlanderbucket/Product+Images/47_1.png'),
(47, 2, 'https://s3-ap-southeast-1.amazonaws.com/highlanderbucket/Product+Images/47_2.png'),
(47, 3, 'https://s3-ap-southeast-1.amazonaws.com/highlanderbucket/Product+Images/47_3.png'),
(48, 1, 'https://s3-ap-southeast-1.amazonaws.com/highlanderbucket/Product+Images/48_1.png'),
(48, 2, 'https://s3-ap-southeast-1.amazonaws.com/highlanderbucket/Product+Images/48_2.png'),
(48, 3, 'https://s3-ap-southeast-1.amazonaws.com/highlanderbucket/Product+Images/48_3.png'),
(49, 1, 'https://s3-ap-southeast-1.amazonaws.com/highlanderbucket/Product+Images/49_1.png'),
(49, 2, 'https://s3-ap-southeast-1.amazonaws.com/highlanderbucket/Product+Images/49_2.png'),
(49, 3, 'https://s3-ap-southeast-1.amazonaws.com/highlanderbucket/Product+Images/49_3.png'),
(50, 1, 'https://s3-ap-southeast-1.amazonaws.com/highlanderbucket/Product+Images/50_1.png'),
(50, 2, 'https://s3-ap-southeast-1.amazonaws.com/highlanderbucket/Product+Images/50_2.png'),
(50, 3, 'https://s3-ap-southeast-1.amazonaws.com/highlanderbucket/Product+Images/50_3.png'),
(51, 1, 'https://s3-ap-southeast-1.amazonaws.com/highlanderbucket/Product+Images/51_1.png'),
(51, 2, 'https://s3-ap-southeast-1.amazonaws.com/highlanderbucket/Product+Images/51_2.png'),
(51, 3, 'https://s3-ap-southeast-1.amazonaws.com/highlanderbucket/Product+Images/51_3.png'),
(52, 1, 'https://s3-ap-southeast-1.amazonaws.com/highlanderbucket/Product+Images/52_1.png'),
(52, 2, 'https://s3-ap-southeast-1.amazonaws.com/highlanderbucket/Product+Images/52_2.png'),
(52, 3, 'https://s3-ap-southeast-1.amazonaws.com/highlanderbucket/Product+Images/52_3.png'),
(53, 1, 'https://s3-ap-southeast-1.amazonaws.com/highlanderbucket/Product+Images/53_1.png'),
(53, 2, 'https://s3-ap-southeast-1.amazonaws.com/highlanderbucket/Product+Images/53_2.png'),
(53, 3, 'https://s3-ap-southeast-1.amazonaws.com/highlanderbucket/Product+Images/53_3.png'),
(54, 1, 'https://s3-ap-southeast-1.amazonaws.com/highlanderbucket/Product+Images/54_1.png'),
(54, 2, 'https://s3-ap-southeast-1.amazonaws.com/highlanderbucket/Product+Images/54_2.png'),
(54, 3, 'https://s3-ap-southeast-1.amazonaws.com/highlanderbucket/Product+Images/54_3.png'),
(55, 1, 'https://s3-ap-southeast-1.amazonaws.com/highlanderbucket/Product+Images/55_1_55_1.png'),
(55, 2, 'https://s3-ap-southeast-1.amazonaws.com/highlanderbucket/Product+Images/55_2_55_2.png'),
(55, 3, 'https://s3-ap-southeast-1.amazonaws.com/highlanderbucket/Product+Images/55_3_55_3.png'),
(56, 1, 'https://s3-ap-southeast-1.amazonaws.com/highlanderbucket/Product+Images/56_1_56_1.png'),
(56, 2, 'https://s3-ap-southeast-1.amazonaws.com/highlanderbucket/Product+Images/56_2_56_2.png'),
(56, 3, 'https://s3-ap-southeast-1.amazonaws.com/highlanderbucket/Product+Images/56_3_56_3.png'),
(57, 1, 'https://s3-ap-southeast-1.amazonaws.com/highlanderbucket/Product+Images/57_1.png'),
(57, 2, 'https://s3-ap-southeast-1.amazonaws.com/highlanderbucket/Product+Images/57_2.png'),
(57, 3, 'https://s3-ap-southeast-1.amazonaws.com/highlanderbucket/Product+Images/57_3.png'),
(58, 1, 'https://s3-ap-southeast-1.amazonaws.com/highlanderbucket/Product+Images/58_1.png'),
(58, 2, 'https://s3-ap-southeast-1.amazonaws.com/highlanderbucket/Product+Images/58_2.png'),
(58, 3, 'https://s3-ap-southeast-1.amazonaws.com/highlanderbucket/Product+Images/58_3.png'),
(59, 1, 'https://s3-ap-southeast-1.amazonaws.com/highlanderbucket/Product+Images/59_1.png'),
(59, 2, 'https://s3-ap-southeast-1.amazonaws.com/highlanderbucket/Product+Images/59_2.png'),
(59, 3, 'https://s3-ap-southeast-1.amazonaws.com/highlanderbucket/Product+Images/59_3.png'),
(60, 1, 'https://s3-ap-southeast-1.amazonaws.com/highlanderbucket/Product+Images/60_1.png'),
(60, 2, 'https://s3-ap-southeast-1.amazonaws.com/highlanderbucket/Product+Images/60_2.png'),
(60, 3, 'https://s3-ap-southeast-1.amazonaws.com/highlanderbucket/Product+Images/60_3.png'),
(61, 1, 'https://s3-ap-southeast-1.amazonaws.com/highlanderbucket/Product+Images/61_1.png'),
(61, 2, 'https://s3-ap-southeast-1.amazonaws.com/highlanderbucket/Product+Images/61_2.png'),
(61, 3, 'https://s3-ap-southeast-1.amazonaws.com/highlanderbucket/Product+Images/61_3.png'),
(62, 1, 'https://s3-ap-southeast-1.amazonaws.com/highlanderbucket/Product+Images/62_1.png'),
(62, 2, 'https://s3-ap-southeast-1.amazonaws.com/highlanderbucket/Product+Images/62_2.png'),
(62, 3, 'https://s3-ap-southeast-1.amazonaws.com/highlanderbucket/Product+Images/62_3.png'),
(63, 1, 'https://s3-ap-southeast-1.amazonaws.com/highlanderbucket/Product+Images/63_1.png'),
(63, 2, 'https://s3-ap-southeast-1.amazonaws.com/highlanderbucket/Product+Images/63_2.png'),
(63, 3, 'https://s3-ap-southeast-1.amazonaws.com/highlanderbucket/Product+Images/63_3.png'),
(64, 1, 'https://s3-ap-southeast-1.amazonaws.com/highlanderbucket/Product+Images/64_1.png'),
(64, 2, 'https://s3-ap-southeast-1.amazonaws.com/highlanderbucket/Product+Images/64_2.png'),
(64, 3, 'https://s3-ap-southeast-1.amazonaws.com/highlanderbucket/Product+Images/64_3.png'),
(65, 1, 'https://s3-ap-southeast-1.amazonaws.com/highlanderbucket/Product+Images/65_1.png'),
(65, 2, 'https://s3-ap-southeast-1.amazonaws.com/highlanderbucket/Product+Images/65_2.png'),
(65, 3, 'https://s3-ap-southeast-1.amazonaws.com/highlanderbucket/Product+Images/65_3.png'),
(66, 1, 'https://s3-ap-southeast-1.amazonaws.com/highlanderbucket/Product+Images/66_1.png'),
(66, 2, 'https://s3-ap-southeast-1.amazonaws.com/highlanderbucket/Product+Images/66_2.png'),
(66, 3, 'https://s3-ap-southeast-1.amazonaws.com/highlanderbucket/Product+Images/66_3_66_3.png'),
(67, 1, 'https://s3-ap-southeast-1.amazonaws.com/highlanderbucket/Product+Images/67_1.png'),
(67, 2, 'https://s3-ap-southeast-1.amazonaws.com/highlanderbucket/Product+Images/67_2.png'),
(67, 3, 'https://s3-ap-southeast-1.amazonaws.com/highlanderbucket/Product+Images/67_3.png'),
(68, 1, 'https://s3-ap-southeast-1.amazonaws.com/highlanderbucket/Product+Images/68_1.png'),
(68, 2, 'https://s3-ap-southeast-1.amazonaws.com/highlanderbucket/Product+Images/68_2.png'),
(68, 3, 'https://s3-ap-southeast-1.amazonaws.com/highlanderbucket/Product+Images/68_3_68_3.png'),
(69, 1, 'https://s3-ap-southeast-1.amazonaws.com/highlanderbucket/Product+Images/69_1.png'),
(69, 2, 'https://s3-ap-southeast-1.amazonaws.com/highlanderbucket/Product+Images/69_2.png'),
(69, 3, 'https://s3-ap-southeast-1.amazonaws.com/highlanderbucket/Product+Images/69_3.png'),
(70, 1, 'https://s3-ap-southeast-1.amazonaws.com/highlanderbucket/Product+Images/70_1.png'),
(70, 2, 'https://s3-ap-southeast-1.amazonaws.com/highlanderbucket/Product+Images/70_2.png'),
(70, 3, 'https://s3-ap-southeast-1.amazonaws.com/highlanderbucket/Product+Images/70_3.png'),
(71, 1, 'https://s3-ap-southeast-1.amazonaws.com/highlanderbucket/Product+Images/71_1.png'),
(71, 2, 'https://s3-ap-southeast-1.amazonaws.com/highlanderbucket/Product+Images/71_2.png'),
(71, 3, 'https://s3-ap-southeast-1.amazonaws.com/highlanderbucket/Product+Images/71_3.png'),
(72, 1, 'https://s3-ap-southeast-1.amazonaws.com/highlanderbucket/Product+Images/72_1.png'),
(72, 2, 'https://s3-ap-southeast-1.amazonaws.com/highlanderbucket/Product+Images/72_2.png'),
(72, 3, 'https://s3-ap-southeast-1.amazonaws.com/highlanderbucket/Product+Images/72_3.png'),
(73, 1, 'assets/img/upload_image.png'),
(74, 1, 'assets/img/upload_image.png'),
(75, 1, 'https://s3-ap-southeast-1.amazonaws.com/highlanderbucket/Product+Images/75_1.png'),
(75, 2, 'https://s3-ap-southeast-1.amazonaws.com/highlanderbucket/Product+Images/75_2.png'),
(75, 3, 'https://s3-ap-southeast-1.amazonaws.com/highlanderbucket/Product+Images/75_3_75_3.png'),
(76, 1, 'https://s3-ap-southeast-1.amazonaws.com/highlanderbucket/Product+Images/76_1.png'),
(76, 2, 'https://s3-ap-southeast-1.amazonaws.com/highlanderbucket/Product+Images/76_2.png'),
(76, 3, 'https://s3-ap-southeast-1.amazonaws.com/highlanderbucket/Product+Images/76_3.png'),
(77, 1, 'https://s3-ap-southeast-1.amazonaws.com/highlanderbucket/Product+Images/76_1.png'),
(77, 2, 'https://s3-ap-southeast-1.amazonaws.com/highlanderbucket/Product+Images/76_2.png'),
(77, 3, 'https://s3-ap-southeast-1.amazonaws.com/highlanderbucket/Product+Images/76_3.png'),
(78, 1, 'https://s3-ap-southeast-1.amazonaws.com/highlanderbucket/Product+Images/76_1.png'),
(78, 2, 'https://s3-ap-southeast-1.amazonaws.com/highlanderbucket/Product+Images/76_2.png'),
(78, 3, 'https://s3-ap-southeast-1.amazonaws.com/highlanderbucket/Product+Images/76_3.png'),
(79, 1, 'https://s3-ap-southeast-1.amazonaws.com/highlanderbucket/Product+Images/76_1.png'),
(79, 2, 'https://s3-ap-southeast-1.amazonaws.com/highlanderbucket/Product+Images/76_2.png'),
(79, 3, 'https://s3-ap-southeast-1.amazonaws.com/highlanderbucket/Product+Images/76_3.png'),
(80, 1, 'https://s3-ap-southeast-1.amazonaws.com/highlanderbucket/Product+Images/76_1.png'),
(80, 2, 'https://s3-ap-southeast-1.amazonaws.com/highlanderbucket/Product+Images/76_2.png'),
(80, 3, 'https://s3-ap-southeast-1.amazonaws.com/highlanderbucket/Product+Images/76_3.png'),
(81, 1, 'https://s3-ap-southeast-1.amazonaws.com/highlanderbucket/Product+Images/76_1.png'),
(81, 2, 'https://s3-ap-southeast-1.amazonaws.com/highlanderbucket/Product+Images/76_2.png'),
(81, 3, 'https://s3-ap-southeast-1.amazonaws.com/highlanderbucket/Product+Images/76_3.png'),
(82, 1, 'https://s3-ap-southeast-1.amazonaws.com/highlanderbucket/Product+Images/82_1.png'),
(82, 2, 'https://s3-ap-southeast-1.amazonaws.com/highlanderbucket/Product+Images/82_2.png'),
(82, 3, 'https://s3-ap-southeast-1.amazonaws.com/highlanderbucket/Product+Images/82_3.png'),
(83, 1, 'https://s3-ap-southeast-1.amazonaws.com/highlanderbucket/Product+Images/82_1.png'),
(83, 2, 'https://s3-ap-southeast-1.amazonaws.com/highlanderbucket/Product+Images/82_2.png'),
(83, 3, 'https://s3-ap-southeast-1.amazonaws.com/highlanderbucket/Product+Images/82_3.png'),
(84, 1, 'https://s3-ap-southeast-1.amazonaws.com/highlanderbucket/Product+Images/82_1.png'),
(84, 2, 'https://s3-ap-southeast-1.amazonaws.com/highlanderbucket/Product+Images/82_2.png'),
(84, 3, 'https://s3-ap-southeast-1.amazonaws.com/highlanderbucket/Product+Images/82_3.png'),
(85, 1, 'https://s3-ap-southeast-1.amazonaws.com/highlanderbucket/Product+Images/82_1.png'),
(85, 2, 'https://s3-ap-southeast-1.amazonaws.com/highlanderbucket/Product+Images/82_2.png'),
(85, 3, 'https://s3-ap-southeast-1.amazonaws.com/highlanderbucket/Product+Images/82_3.png'),
(86, 1, 'https://s3-ap-southeast-1.amazonaws.com/highlanderbucket/Product+Images/82_1.png'),
(86, 2, 'https://s3-ap-southeast-1.amazonaws.com/highlanderbucket/Product+Images/82_2.png'),
(86, 3, 'https://s3-ap-southeast-1.amazonaws.com/highlanderbucket/Product+Images/82_3.png'),
(87, 1, 'https://s3-ap-southeast-1.amazonaws.com/highlanderbucket/Product+Images/82_1.png'),
(87, 2, 'https://s3-ap-southeast-1.amazonaws.com/highlanderbucket/Product+Images/82_2.png'),
(87, 3, 'https://s3-ap-southeast-1.amazonaws.com/highlanderbucket/Product+Images/82_3.png'),
(88, 1, 'https://s3-ap-southeast-1.amazonaws.com/highlanderbucket/Product+Images/88_1.png'),
(88, 2, 'https://s3-ap-southeast-1.amazonaws.com/highlanderbucket/Product+Images/88_2.png'),
(88, 3, 'https://s3-ap-southeast-1.amazonaws.com/highlanderbucket/Product+Images/88_3.png'),
(89, 1, 'https://s3-ap-southeast-1.amazonaws.com/highlanderbucket/Product+Images/88_1.png'),
(89, 2, 'https://s3-ap-southeast-1.amazonaws.com/highlanderbucket/Product+Images/88_2.png'),
(89, 3, 'https://s3-ap-southeast-1.amazonaws.com/highlanderbucket/Product+Images/88_3.png'),
(90, 1, 'https://s3-ap-southeast-1.amazonaws.com/highlanderbucket/Product+Images/88_1.png'),
(90, 2, 'https://s3-ap-southeast-1.amazonaws.com/highlanderbucket/Product+Images/88_2.png'),
(90, 3, 'https://s3-ap-southeast-1.amazonaws.com/highlanderbucket/Product+Images/88_3.png'),
(91, 1, 'https://s3-ap-southeast-1.amazonaws.com/highlanderbucket/Product+Images/88_1.png'),
(91, 2, 'https://s3-ap-southeast-1.amazonaws.com/highlanderbucket/Product+Images/88_2.png'),
(91, 3, 'https://s3-ap-southeast-1.amazonaws.com/highlanderbucket/Product+Images/88_3.png'),
(92, 1, 'https://s3-ap-southeast-1.amazonaws.com/highlanderbucket/Product+Images/88_1.png'),
(92, 2, 'https://s3-ap-southeast-1.amazonaws.com/highlanderbucket/Product+Images/88_2.png'),
(92, 3, 'https://s3-ap-southeast-1.amazonaws.com/highlanderbucket/Product+Images/88_3.png'),
(93, 1, 'https://s3-ap-southeast-1.amazonaws.com/highlanderbucket/Product+Images/88_1.png'),
(93, 2, 'https://s3-ap-southeast-1.amazonaws.com/highlanderbucket/Product+Images/88_2.png'),
(93, 3, 'https://s3-ap-southeast-1.amazonaws.com/highlanderbucket/Product+Images/88_3.png'),
(94, 1, 'https://s3-ap-southeast-1.amazonaws.com/highlanderbucket/Product+Images/94_1.png'),
(94, 2, 'https://s3-ap-southeast-1.amazonaws.com/highlanderbucket/Product+Images/94_2.png'),
(94, 3, 'https://s3-ap-southeast-1.amazonaws.com/highlanderbucket/Product+Images/94_3.png'),
(95, 1, 'https://s3-ap-southeast-1.amazonaws.com/highlanderbucket/Product+Images/94_1.png'),
(95, 2, 'https://s3-ap-southeast-1.amazonaws.com/highlanderbucket/Product+Images/94_2.png'),
(95, 3, 'https://s3-ap-southeast-1.amazonaws.com/highlanderbucket/Product+Images/94_3.png'),
(96, 1, 'https://s3-ap-southeast-1.amazonaws.com/highlanderbucket/Product+Images/94_1.png'),
(96, 2, 'https://s3-ap-southeast-1.amazonaws.com/highlanderbucket/Product+Images/94_2.png'),
(96, 3, 'https://s3-ap-southeast-1.amazonaws.com/highlanderbucket/Product+Images/94_3.png'),
(97, 1, 'https://s3-ap-southeast-1.amazonaws.com/highlanderbucket/Product+Images/94_1.png'),
(97, 2, 'https://s3-ap-southeast-1.amazonaws.com/highlanderbucket/Product+Images/94_2.png'),
(97, 3, 'https://s3-ap-southeast-1.amazonaws.com/highlanderbucket/Product+Images/94_3.png'),
(98, 1, 'https://s3-ap-southeast-1.amazonaws.com/highlanderbucket/Product+Images/94_1.png'),
(98, 2, 'https://s3-ap-southeast-1.amazonaws.com/highlanderbucket/Product+Images/94_2.png'),
(98, 3, 'https://s3-ap-southeast-1.amazonaws.com/highlanderbucket/Product+Images/94_3.png'),
(99, 1, 'https://s3-ap-southeast-1.amazonaws.com/highlanderbucket/Product+Images/94_1.png'),
(99, 2, 'https://s3-ap-southeast-1.amazonaws.com/highlanderbucket/Product+Images/94_2.png'),
(99, 3, 'https://s3-ap-southeast-1.amazonaws.com/highlanderbucket/Product+Images/94_3.png'),
(100, 1, 'https://s3-ap-southeast-1.amazonaws.com/highlanderbucket/Product+Images/100_1.png'),
(100, 2, 'https://s3-ap-southeast-1.amazonaws.com/highlanderbucket/Product+Images/100_2.png'),
(100, 3, 'https://s3-ap-southeast-1.amazonaws.com/highlanderbucket/Product+Images/100_3.png'),
(101, 1, 'https://s3-ap-southeast-1.amazonaws.com/highlanderbucket/Product+Images/100_1.png'),
(101, 2, 'https://s3-ap-southeast-1.amazonaws.com/highlanderbucket/Product+Images/100_2.png'),
(101, 3, 'https://s3-ap-southeast-1.amazonaws.com/highlanderbucket/Product+Images/100_3.png'),
(102, 1, 'https://s3-ap-southeast-1.amazonaws.com/highlanderbucket/Product+Images/100_1.png'),
(102, 2, 'https://s3-ap-southeast-1.amazonaws.com/highlanderbucket/Product+Images/100_2.png'),
(102, 3, 'https://s3-ap-southeast-1.amazonaws.com/highlanderbucket/Product+Images/100_3.png'),
(103, 1, 'https://s3-ap-southeast-1.amazonaws.com/highlanderbucket/Product+Images/100_1.png'),
(103, 2, 'https://s3-ap-southeast-1.amazonaws.com/highlanderbucket/Product+Images/100_2.png'),
(103, 3, 'https://s3-ap-southeast-1.amazonaws.com/highlanderbucket/Product+Images/100_3.png'),
(104, 1, 'https://s3-ap-southeast-1.amazonaws.com/highlanderbucket/Product+Images/100_1.png'),
(104, 2, 'https://s3-ap-southeast-1.amazonaws.com/highlanderbucket/Product+Images/100_2.png'),
(104, 3, 'https://s3-ap-southeast-1.amazonaws.com/highlanderbucket/Product+Images/100_3.png'),
(105, 1, 'https://s3-ap-southeast-1.amazonaws.com/highlanderbucket/Product+Images/100_1.png'),
(105, 2, 'https://s3-ap-southeast-1.amazonaws.com/highlanderbucket/Product+Images/100_2.png'),
(105, 3, 'https://s3-ap-southeast-1.amazonaws.com/highlanderbucket/Product+Images/100_3_105_3.png'),
(106, 1, 'https://s3-ap-southeast-1.amazonaws.com/highlanderbucket/Product+Images/106_1.png'),
(106, 2, 'https://s3-ap-southeast-1.amazonaws.com/highlanderbucket/Product+Images/106_2.png'),
(106, 3, 'https://s3-ap-southeast-1.amazonaws.com/highlanderbucket/Product+Images/106_3.png'),
(107, 1, 'https://s3-ap-southeast-1.amazonaws.com/highlanderbucket/Product+Images/106_1.png'),
(107, 2, 'https://s3-ap-southeast-1.amazonaws.com/highlanderbucket/Product+Images/106_2.png'),
(107, 3, 'https://s3-ap-southeast-1.amazonaws.com/highlanderbucket/Product+Images/106_3.png'),
(108, 1, 'https://s3-ap-southeast-1.amazonaws.com/highlanderbucket/Product+Images/106_1.png'),
(108, 2, 'https://s3-ap-southeast-1.amazonaws.com/highlanderbucket/Product+Images/106_2.png'),
(108, 3, 'https://s3-ap-southeast-1.amazonaws.com/highlanderbucket/Product+Images/106_3.png'),
(109, 1, 'https://s3-ap-southeast-1.amazonaws.com/highlanderbucket/Product+Images/106_1.png'),
(109, 2, 'https://s3-ap-southeast-1.amazonaws.com/highlanderbucket/Product+Images/106_2.png'),
(109, 3, 'https://s3-ap-southeast-1.amazonaws.com/highlanderbucket/Product+Images/106_3.png'),
(110, 1, 'https://s3-ap-southeast-1.amazonaws.com/highlanderbucket/Product+Images/106_1.png'),
(110, 2, 'https://s3-ap-southeast-1.amazonaws.com/highlanderbucket/Product+Images/106_2.png'),
(110, 3, 'https://s3-ap-southeast-1.amazonaws.com/highlanderbucket/Product+Images/106_3.png'),
(111, 1, 'https://s3-ap-southeast-1.amazonaws.com/highlanderbucket/Product+Images/106_1.png'),
(111, 2, 'https://s3-ap-southeast-1.amazonaws.com/highlanderbucket/Product+Images/106_2.png'),
(111, 3, 'https://s3-ap-southeast-1.amazonaws.com/highlanderbucket/Product+Images/106_3.png'),
(112, 1, 'https://s3-ap-southeast-1.amazonaws.com/highlanderbucket/Product+Images/112_1.png'),
(112, 2, 'https://s3-ap-southeast-1.amazonaws.com/highlanderbucket/Product+Images/112_2.png'),
(112, 3, 'https://s3-ap-southeast-1.amazonaws.com/highlanderbucket/Product+Images/112_3.png'),
(113, 1, 'https://s3-ap-southeast-1.amazonaws.com/highlanderbucket/Product+Images/112_1.png'),
(113, 2, 'https://s3-ap-southeast-1.amazonaws.com/highlanderbucket/Product+Images/112_2.png'),
(113, 3, 'https://s3-ap-southeast-1.amazonaws.com/highlanderbucket/Product+Images/112_3.png'),
(114, 1, 'https://s3-ap-southeast-1.amazonaws.com/highlanderbucket/Product+Images/112_1.png'),
(114, 2, 'https://s3-ap-southeast-1.amazonaws.com/highlanderbucket/Product+Images/112_2.png'),
(114, 3, 'https://s3-ap-southeast-1.amazonaws.com/highlanderbucket/Product+Images/112_3.png'),
(115, 1, 'https://s3-ap-southeast-1.amazonaws.com/highlanderbucket/Product+Images/112_1.png'),
(115, 2, 'https://s3-ap-southeast-1.amazonaws.com/highlanderbucket/Product+Images/112_2.png'),
(115, 3, 'https://s3-ap-southeast-1.amazonaws.com/highlanderbucket/Product+Images/112_3.png'),
(116, 1, 'https://s3-ap-southeast-1.amazonaws.com/highlanderbucket/Product+Images/112_1.png'),
(116, 2, 'https://s3-ap-southeast-1.amazonaws.com/highlanderbucket/Product+Images/112_2.png'),
(116, 3, 'https://s3-ap-southeast-1.amazonaws.com/highlanderbucket/Product+Images/112_3.png'),
(117, 1, 'https://s3-ap-southeast-1.amazonaws.com/highlanderbucket/Product+Images/112_1.png'),
(117, 2, 'https://s3-ap-southeast-1.amazonaws.com/highlanderbucket/Product+Images/112_2.png'),
(117, 3, 'https://s3-ap-southeast-1.amazonaws.com/highlanderbucket/Product+Images/112_3.png'),
(118, 1, 'https://s3-ap-southeast-1.amazonaws.com/highlanderbucket/Product+Images/118_1.png'),
(118, 2, 'assets/img/upload_image.png'),
(118, 3, 'https://s3-ap-southeast-1.amazonaws.com/highlanderbucket/Product+Images/118_3.png'),
(119, 1, 'https://s3-ap-southeast-1.amazonaws.com/highlanderbucket/Product+Images/118_1.png'),
(119, 2, 'assets/img/upload_image.png'),
(119, 3, 'https://s3-ap-southeast-1.amazonaws.com/highlanderbucket/Product+Images/118_3.png'),
(120, 1, 'https://s3-ap-southeast-1.amazonaws.com/highlanderbucket/Product+Images/118_1.png'),
(120, 2, 'assets/img/upload_image.png'),
(120, 3, 'https://s3-ap-southeast-1.amazonaws.com/highlanderbucket/Product+Images/118_3.png'),
(121, 1, 'https://s3-ap-southeast-1.amazonaws.com/highlanderbucket/Product+Images/118_1.png'),
(121, 2, 'assets/img/upload_image.png'),
(121, 3, 'https://s3-ap-southeast-1.amazonaws.com/highlanderbucket/Product+Images/118_3.png'),
(122, 1, 'https://s3-ap-southeast-1.amazonaws.com/highlanderbucket/Product+Images/118_1.png'),
(122, 2, 'assets/img/upload_image.png'),
(122, 3, 'https://s3-ap-southeast-1.amazonaws.com/highlanderbucket/Product+Images/118_3.png'),
(123, 1, 'https://s3-ap-southeast-1.amazonaws.com/highlanderbucket/Product+Images/118_1.png'),
(123, 2, 'assets/img/upload_image.png'),
(123, 3, 'https://s3-ap-southeast-1.amazonaws.com/highlanderbucket/Product+Images/118_3.png'),
(124, 1, 'https://s3-ap-southeast-1.amazonaws.com/highlanderbucket/Product+Images/124_1.png'),
(124, 2, 'https://s3-ap-southeast-1.amazonaws.com/highlanderbucket/Product+Images/124_2.png'),
(124, 3, 'https://s3-ap-southeast-1.amazonaws.com/highlanderbucket/Product+Images/124_3.png'),
(125, 1, 'https://s3-ap-southeast-1.amazonaws.com/highlanderbucket/Product+Images/124_1.png'),
(125, 2, 'https://s3-ap-southeast-1.amazonaws.com/highlanderbucket/Product+Images/124_2.png'),
(125, 3, 'https://s3-ap-southeast-1.amazonaws.com/highlanderbucket/Product+Images/124_3.png'),
(126, 1, 'https://s3-ap-southeast-1.amazonaws.com/highlanderbucket/Product+Images/124_1.png'),
(126, 2, 'https://s3-ap-southeast-1.amazonaws.com/highlanderbucket/Product+Images/124_2.png'),
(126, 3, 'https://s3-ap-southeast-1.amazonaws.com/highlanderbucket/Product+Images/124_3.png'),
(127, 1, 'https://s3-ap-southeast-1.amazonaws.com/highlanderbucket/Product+Images/124_1.png'),
(127, 2, 'https://s3-ap-southeast-1.amazonaws.com/highlanderbucket/Product+Images/124_2.png'),
(127, 3, 'https://s3-ap-southeast-1.amazonaws.com/highlanderbucket/Product+Images/124_3.png'),
(128, 1, 'https://s3-ap-southeast-1.amazonaws.com/highlanderbucket/Product+Images/124_1.png'),
(128, 2, 'https://s3-ap-southeast-1.amazonaws.com/highlanderbucket/Product+Images/124_2.png'),
(128, 3, 'https://s3-ap-southeast-1.amazonaws.com/highlanderbucket/Product+Images/124_3.png'),
(129, 1, 'https://s3-ap-southeast-1.amazonaws.com/highlanderbucket/Product+Images/124_1_129_1.png'),
(129, 2, 'https://s3-ap-southeast-1.amazonaws.com/highlanderbucket/Product+Images/124_2_129_2.png'),
(129, 3, 'https://s3-ap-southeast-1.amazonaws.com/highlanderbucket/Product+Images/124_3_129_3.png'),
(130, 1, 'https://s3-ap-southeast-1.amazonaws.com/highlanderbucket/Product+Images/130_1.png'),
(130, 2, 'https://s3-ap-southeast-1.amazonaws.com/highlanderbucket/Product+Images/130_2.png'),
(130, 3, 'https://s3-ap-southeast-1.amazonaws.com/highlanderbucket/Product+Images/130_3.png'),
(131, 1, 'https://s3-ap-southeast-1.amazonaws.com/highlanderbucket/Product+Images/130_1.png'),
(131, 2, 'https://s3-ap-southeast-1.amazonaws.com/highlanderbucket/Product+Images/130_2.png'),
(131, 3, 'https://s3-ap-southeast-1.amazonaws.com/highlanderbucket/Product+Images/130_3.png'),
(132, 1, 'https://s3-ap-southeast-1.amazonaws.com/highlanderbucket/Product+Images/130_1.png'),
(132, 2, 'https://s3-ap-southeast-1.amazonaws.com/highlanderbucket/Product+Images/130_2.png'),
(132, 3, 'https://s3-ap-southeast-1.amazonaws.com/highlanderbucket/Product+Images/130_3.png'),
(133, 1, 'https://s3-ap-southeast-1.amazonaws.com/highlanderbucket/Product+Images/130_1.png'),
(133, 2, 'https://s3-ap-southeast-1.amazonaws.com/highlanderbucket/Product+Images/130_2.png'),
(133, 3, 'https://s3-ap-southeast-1.amazonaws.com/highlanderbucket/Product+Images/130_3.png'),
(134, 1, 'https://s3-ap-southeast-1.amazonaws.com/highlanderbucket/Product+Images/130_1.png'),
(134, 2, 'https://s3-ap-southeast-1.amazonaws.com/highlanderbucket/Product+Images/130_2.png'),
(134, 3, 'https://s3-ap-southeast-1.amazonaws.com/highlanderbucket/Product+Images/130_3.png'),
(135, 1, 'https://s3-ap-southeast-1.amazonaws.com/highlanderbucket/Product+Images/130_1.png'),
(135, 2, 'https://s3-ap-southeast-1.amazonaws.com/highlanderbucket/Product+Images/130_2.png'),
(135, 3, 'https://s3-ap-southeast-1.amazonaws.com/highlanderbucket/Product+Images/130_3.png'),
(136, 1, 'https://s3-ap-southeast-1.amazonaws.com/highlanderbucket/Product+Images/136_1.png'),
(136, 2, 'https://s3-ap-southeast-1.amazonaws.com/highlanderbucket/Product+Images/136_2.png'),
(136, 3, 'https://s3-ap-southeast-1.amazonaws.com/highlanderbucket/Product+Images/136_3.png'),
(137, 1, 'https://s3-ap-southeast-1.amazonaws.com/highlanderbucket/Product+Images/136_1.png'),
(137, 2, 'https://s3-ap-southeast-1.amazonaws.com/highlanderbucket/Product+Images/136_2.png'),
(137, 3, 'https://s3-ap-southeast-1.amazonaws.com/highlanderbucket/Product+Images/136_3.png'),
(138, 1, 'https://s3-ap-southeast-1.amazonaws.com/highlanderbucket/Product+Images/136_1.png'),
(138, 2, 'https://s3-ap-southeast-1.amazonaws.com/highlanderbucket/Product+Images/136_2.png'),
(138, 3, 'https://s3-ap-southeast-1.amazonaws.com/highlanderbucket/Product+Images/136_3.png'),
(139, 1, 'https://s3-ap-southeast-1.amazonaws.com/highlanderbucket/Product+Images/136_1.png'),
(139, 2, 'https://s3-ap-southeast-1.amazonaws.com/highlanderbucket/Product+Images/136_2.png'),
(139, 3, 'https://s3-ap-southeast-1.amazonaws.com/highlanderbucket/Product+Images/136_3.png'),
(140, 1, 'https://s3-ap-southeast-1.amazonaws.com/highlanderbucket/Product+Images/136_1.png'),
(140, 2, 'https://s3-ap-southeast-1.amazonaws.com/highlanderbucket/Product+Images/136_2.png'),
(140, 3, 'https://s3-ap-southeast-1.amazonaws.com/highlanderbucket/Product+Images/136_3.png'),
(141, 1, 'https://s3-ap-southeast-1.amazonaws.com/highlanderbucket/Product+Images/136_1.png'),
(141, 2, 'https://s3-ap-southeast-1.amazonaws.com/highlanderbucket/Product+Images/136_2.png'),
(141, 3, 'https://s3-ap-southeast-1.amazonaws.com/highlanderbucket/Product+Images/136_3.png'),
(142, 1, 'https://s3-ap-southeast-1.amazonaws.com/highlanderbucket/Product+Images/142_1.png'),
(142, 2, 'https://s3-ap-southeast-1.amazonaws.com/highlanderbucket/Product+Images/142_2.png'),
(142, 3, 'https://s3-ap-southeast-1.amazonaws.com/highlanderbucket/Product+Images/142_3.png'),
(143, 1, 'https://s3-ap-southeast-1.amazonaws.com/highlanderbucket/Product+Images/142_1.png'),
(143, 2, 'https://s3-ap-southeast-1.amazonaws.com/highlanderbucket/Product+Images/142_2.png'),
(143, 3, 'https://s3-ap-southeast-1.amazonaws.com/highlanderbucket/Product+Images/142_3.png'),
(144, 1, 'https://s3-ap-southeast-1.amazonaws.com/highlanderbucket/Product+Images/142_1.png'),
(144, 2, 'https://s3-ap-southeast-1.amazonaws.com/highlanderbucket/Product+Images/142_2.png'),
(144, 3, 'https://s3-ap-southeast-1.amazonaws.com/highlanderbucket/Product+Images/142_3.png'),
(145, 1, 'https://s3-ap-southeast-1.amazonaws.com/highlanderbucket/Product+Images/142_1.png'),
(145, 2, 'https://s3-ap-southeast-1.amazonaws.com/highlanderbucket/Product+Images/142_2.png'),
(145, 3, 'https://s3-ap-southeast-1.amazonaws.com/highlanderbucket/Product+Images/142_3.png'),
(146, 1, 'https://s3-ap-southeast-1.amazonaws.com/highlanderbucket/Product+Images/142_1.png'),
(146, 2, 'https://s3-ap-southeast-1.amazonaws.com/highlanderbucket/Product+Images/142_2.png'),
(146, 3, 'https://s3-ap-southeast-1.amazonaws.com/highlanderbucket/Product+Images/142_3.png'),
(147, 1, 'https://s3-ap-southeast-1.amazonaws.com/highlanderbucket/Product+Images/142_1.png'),
(147, 2, 'https://s3-ap-southeast-1.amazonaws.com/highlanderbucket/Product+Images/142_2.png'),
(147, 3, 'https://s3-ap-southeast-1.amazonaws.com/highlanderbucket/Product+Images/142_3.png'),
(148, 1, 'https://s3-ap-southeast-1.amazonaws.com/highlanderbucket/Product+Images/148_1.png'),
(148, 2, 'assets/img/upload_image.png'),
(148, 3, 'https://s3-ap-southeast-1.amazonaws.com/highlanderbucket/Product+Images/148_3.png'),
(149, 1, 'https://s3-ap-southeast-1.amazonaws.com/highlanderbucket/Product+Images/148_1.png'),
(149, 2, 'assets/img/upload_image.png'),
(149, 3, 'https://s3-ap-southeast-1.amazonaws.com/highlanderbucket/Product+Images/148_3.png'),
(150, 1, 'https://s3-ap-southeast-1.amazonaws.com/highlanderbucket/Product+Images/148_1.png'),
(150, 2, 'assets/img/upload_image.png'),
(150, 3, 'https://s3-ap-southeast-1.amazonaws.com/highlanderbucket/Product+Images/148_3.png'),
(151, 1, 'https://s3-ap-southeast-1.amazonaws.com/highlanderbucket/Product+Images/148_1.png'),
(151, 2, 'assets/img/upload_image.png'),
(151, 3, 'https://s3-ap-southeast-1.amazonaws.com/highlanderbucket/Product+Images/148_3.png'),
(152, 1, 'https://s3-ap-southeast-1.amazonaws.com/highlanderbucket/Product+Images/148_1.png'),
(152, 2, 'assets/img/upload_image.png'),
(152, 3, 'https://s3-ap-southeast-1.amazonaws.com/highlanderbucket/Product+Images/148_3.png'),
(153, 1, 'https://s3-ap-southeast-1.amazonaws.com/highlanderbucket/Product+Images/148_1.png'),
(153, 2, 'assets/img/upload_image.png'),
(153, 3, 'https://s3-ap-southeast-1.amazonaws.com/highlanderbucket/Product+Images/148_3.png'),
(154, 1, 'https://s3-ap-southeast-1.amazonaws.com/highlanderbucket/Product+Images/154_1.png'),
(154, 2, 'assets/img/upload_image.png'),
(154, 3, 'https://s3-ap-southeast-1.amazonaws.com/highlanderbucket/Product+Images/154_3.png'),
(155, 1, 'https://s3-ap-southeast-1.amazonaws.com/highlanderbucket/Product+Images/154_1.png'),
(155, 2, 'assets/img/upload_image.png'),
(155, 3, 'https://s3-ap-southeast-1.amazonaws.com/highlanderbucket/Product+Images/154_3.png'),
(156, 1, 'https://s3-ap-southeast-1.amazonaws.com/highlanderbucket/Product+Images/154_1.png'),
(156, 2, 'assets/img/upload_image.png'),
(156, 3, 'https://s3-ap-southeast-1.amazonaws.com/highlanderbucket/Product+Images/154_3.png'),
(157, 1, 'https://s3-ap-southeast-1.amazonaws.com/highlanderbucket/Product+Images/154_1.png'),
(157, 2, 'assets/img/upload_image.png'),
(157, 3, 'https://s3-ap-southeast-1.amazonaws.com/highlanderbucket/Product+Images/154_3.png'),
(158, 1, 'https://s3-ap-southeast-1.amazonaws.com/highlanderbucket/Product+Images/154_1.png'),
(158, 2, 'assets/img/upload_image.png'),
(158, 3, 'https://s3-ap-southeast-1.amazonaws.com/highlanderbucket/Product+Images/154_3.png'),
(159, 1, 'https://s3-ap-southeast-1.amazonaws.com/highlanderbucket/Product+Images/154_1.png'),
(159, 2, 'assets/img/upload_image.png'),
(159, 3, 'https://s3-ap-southeast-1.amazonaws.com/highlanderbucket/Product+Images/154_3.png'),
(160, 1, 'https://s3-ap-southeast-1.amazonaws.com/highlanderbucket/Product+Images/160_1.png'),
(160, 2, 'assets/img/upload_image.png'),
(160, 3, 'https://s3-ap-southeast-1.amazonaws.com/highlanderbucket/Product+Images/160_3.png'),
(161, 1, 'https://s3-ap-southeast-1.amazonaws.com/highlanderbucket/Product+Images/160_1.png'),
(161, 2, 'assets/img/upload_image.png'),
(161, 3, 'https://s3-ap-southeast-1.amazonaws.com/highlanderbucket/Product+Images/160_3.png'),
(162, 1, 'https://s3-ap-southeast-1.amazonaws.com/highlanderbucket/Product+Images/160_1.png'),
(162, 2, 'assets/img/upload_image.png'),
(162, 3, 'https://s3-ap-southeast-1.amazonaws.com/highlanderbucket/Product+Images/160_3.png'),
(163, 1, 'https://s3-ap-southeast-1.amazonaws.com/highlanderbucket/Product+Images/160_1.png'),
(163, 2, 'assets/img/upload_image.png'),
(163, 3, 'https://s3-ap-southeast-1.amazonaws.com/highlanderbucket/Product+Images/160_3.png'),
(164, 1, 'https://s3-ap-southeast-1.amazonaws.com/highlanderbucket/Product+Images/160_1.png'),
(164, 2, 'assets/img/upload_image.png'),
(164, 3, 'https://s3-ap-southeast-1.amazonaws.com/highlanderbucket/Product+Images/160_3.png'),
(165, 1, 'https://s3-ap-southeast-1.amazonaws.com/highlanderbucket/Product+Images/160_1.png'),
(165, 2, 'assets/img/upload_image.png'),
(165, 3, 'https://s3-ap-southeast-1.amazonaws.com/highlanderbucket/Product+Images/160_3.png'),
(166, 1, 'https://s3-ap-southeast-1.amazonaws.com/highlanderbucket/Product+Images/166_1.png'),
(166, 2, 'assets/img/upload_image.png'),
(166, 3, 'https://s3-ap-southeast-1.amazonaws.com/highlanderbucket/Product+Images/166_3.png'),
(167, 1, 'https://s3-ap-southeast-1.amazonaws.com/highlanderbucket/Product+Images/166_1.png'),
(167, 2, 'assets/img/upload_image.png'),
(167, 3, 'https://s3-ap-southeast-1.amazonaws.com/highlanderbucket/Product+Images/166_3.png'),
(168, 1, 'https://s3-ap-southeast-1.amazonaws.com/highlanderbucket/Product+Images/166_1.png'),
(168, 2, 'assets/img/upload_image.png'),
(168, 3, 'https://s3-ap-southeast-1.amazonaws.com/highlanderbucket/Product+Images/166_3.png'),
(169, 1, 'https://s3-ap-southeast-1.amazonaws.com/highlanderbucket/Product+Images/166_1.png'),
(169, 2, 'assets/img/upload_image.png'),
(169, 3, 'https://s3-ap-southeast-1.amazonaws.com/highlanderbucket/Product+Images/166_3.png'),
(170, 1, 'https://s3-ap-southeast-1.amazonaws.com/highlanderbucket/Product+Images/166_1.png'),
(170, 2, 'assets/img/upload_image.png'),
(170, 3, 'https://s3-ap-southeast-1.amazonaws.com/highlanderbucket/Product+Images/166_3.png'),
(171, 1, 'https://s3-ap-southeast-1.amazonaws.com/highlanderbucket/Product+Images/166_1.png'),
(171, 2, 'assets/img/upload_image.png'),
(171, 3, 'https://s3-ap-southeast-1.amazonaws.com/highlanderbucket/Product+Images/166_3.png'),
(172, 1, 'https://s3-ap-southeast-1.amazonaws.com/highlanderbucket/Product+Images/172_1.png'),
(172, 2, 'assets/img/upload_image.png'),
(172, 3, 'https://s3-ap-southeast-1.amazonaws.com/highlanderbucket/Product+Images/172_3.png'),
(173, 1, 'https://s3-ap-southeast-1.amazonaws.com/highlanderbucket/Product+Images/172_1.png'),
(173, 2, 'assets/img/upload_image.png'),
(173, 3, 'https://s3-ap-southeast-1.amazonaws.com/highlanderbucket/Product+Images/172_3.png'),
(174, 1, 'https://s3-ap-southeast-1.amazonaws.com/highlanderbucket/Product+Images/172_1.png'),
(174, 2, 'assets/img/upload_image.png'),
(174, 3, 'https://s3-ap-southeast-1.amazonaws.com/highlanderbucket/Product+Images/172_3.png'),
(175, 1, 'https://s3-ap-southeast-1.amazonaws.com/highlanderbucket/Product+Images/172_1.png'),
(175, 2, 'assets/img/upload_image.png'),
(175, 3, 'https://s3-ap-southeast-1.amazonaws.com/highlanderbucket/Product+Images/172_3.png'),
(176, 1, 'https://s3-ap-southeast-1.amazonaws.com/highlanderbucket/Product+Images/172_1.png'),
(176, 2, 'assets/img/upload_image.png'),
(176, 3, 'https://s3-ap-southeast-1.amazonaws.com/highlanderbucket/Product+Images/172_3.png'),
(177, 1, 'https://s3-ap-southeast-1.amazonaws.com/highlanderbucket/Product+Images/172_1.png'),
(177, 2, 'assets/img/upload_image.png'),
(177, 3, 'https://s3-ap-southeast-1.amazonaws.com/highlanderbucket/Product+Images/172_3.png'),
(178, 1, 'https://s3-ap-southeast-1.amazonaws.com/highlanderbucket/Product+Images/178_1.png'),
(178, 2, 'assets/img/upload_image.png'),
(178, 3, 'https://s3-ap-southeast-1.amazonaws.com/highlanderbucket/Product+Images/178_3.png'),
(179, 1, 'https://s3-ap-southeast-1.amazonaws.com/highlanderbucket/Product+Images/178_1.png'),
(179, 2, 'assets/img/upload_image.png'),
(179, 3, 'https://s3-ap-southeast-1.amazonaws.com/highlanderbucket/Product+Images/178_3.png'),
(180, 1, 'https://s3-ap-southeast-1.amazonaws.com/highlanderbucket/Product+Images/178_1.png'),
(180, 2, 'assets/img/upload_image.png'),
(180, 3, 'https://s3-ap-southeast-1.amazonaws.com/highlanderbucket/Product+Images/178_3.png'),
(181, 1, 'https://s3-ap-southeast-1.amazonaws.com/highlanderbucket/Product+Images/178_1.png'),
(181, 2, 'assets/img/upload_image.png'),
(181, 3, 'https://s3-ap-southeast-1.amazonaws.com/highlanderbucket/Product+Images/178_3.png'),
(182, 1, 'https://s3-ap-southeast-1.amazonaws.com/highlanderbucket/Product+Images/178_1.png'),
(182, 2, 'assets/img/upload_image.png'),
(182, 3, 'https://s3-ap-southeast-1.amazonaws.com/highlanderbucket/Product+Images/178_3.png'),
(183, 1, 'https://s3-ap-southeast-1.amazonaws.com/highlanderbucket/Product+Images/178_1.png'),
(183, 2, 'assets/img/upload_image.png'),
(183, 3, 'https://s3-ap-southeast-1.amazonaws.com/highlanderbucket/Product+Images/178_3.png'),
(184, 1, 'https://s3-ap-southeast-1.amazonaws.com/highlanderbucket/Product+Images/184_1.png'),
(184, 2, 'https://s3-ap-southeast-1.amazonaws.com/highlanderbucket/Product+Images/184_2.png'),
(184, 3, 'https://s3-ap-southeast-1.amazonaws.com/highlanderbucket/Product+Images/184_3.png'),
(185, 1, 'https://s3-ap-southeast-1.amazonaws.com/highlanderbucket/Product+Images/184_1.png'),
(185, 2, 'https://s3-ap-southeast-1.amazonaws.com/highlanderbucket/Product+Images/184_2.png'),
(185, 3, 'https://s3-ap-southeast-1.amazonaws.com/highlanderbucket/Product+Images/184_3.png'),
(186, 1, 'https://s3-ap-southeast-1.amazonaws.com/highlanderbucket/Product+Images/184_1.png'),
(186, 2, 'https://s3-ap-southeast-1.amazonaws.com/highlanderbucket/Product+Images/184_2.png'),
(186, 3, 'https://s3-ap-southeast-1.amazonaws.com/highlanderbucket/Product+Images/184_3.png'),
(187, 1, 'https://s3-ap-southeast-1.amazonaws.com/highlanderbucket/Product+Images/184_1.png'),
(187, 2, 'https://s3-ap-southeast-1.amazonaws.com/highlanderbucket/Product+Images/184_2.png'),
(187, 3, 'https://s3-ap-southeast-1.amazonaws.com/highlanderbucket/Product+Images/184_3.png'),
(188, 1, 'https://s3-ap-southeast-1.amazonaws.com/highlanderbucket/Product+Images/184_1.png'),
(188, 2, 'https://s3-ap-southeast-1.amazonaws.com/highlanderbucket/Product+Images/184_2.png'),
(188, 3, 'https://s3-ap-southeast-1.amazonaws.com/highlanderbucket/Product+Images/184_3.png'),
(189, 1, 'https://s3-ap-southeast-1.amazonaws.com/highlanderbucket/Product+Images/184_1.png'),
(189, 2, 'https://s3-ap-southeast-1.amazonaws.com/highlanderbucket/Product+Images/184_2.png'),
(189, 3, 'https://s3-ap-southeast-1.amazonaws.com/highlanderbucket/Product+Images/184_3.png'),
(190, 1, 'https://s3-ap-southeast-1.amazonaws.com/highlanderbucket/Product+Images/190_1.png'),
(190, 2, 'assets/img/upload_image.png'),
(190, 3, 'https://s3-ap-southeast-1.amazonaws.com/highlanderbucket/Product+Images/190_3.png'),
(191, 1, 'https://s3-ap-southeast-1.amazonaws.com/highlanderbucket/Product+Images/190_1.png'),
(191, 2, 'assets/img/upload_image.png'),
(191, 3, 'https://s3-ap-southeast-1.amazonaws.com/highlanderbucket/Product+Images/190_3.png'),
(192, 1, 'https://s3-ap-southeast-1.amazonaws.com/highlanderbucket/Product+Images/190_1.png'),
(192, 2, 'assets/img/upload_image.png'),
(192, 3, 'https://s3-ap-southeast-1.amazonaws.com/highlanderbucket/Product+Images/190_3.png'),
(193, 1, 'https://s3-ap-southeast-1.amazonaws.com/highlanderbucket/Product+Images/190_1.png'),
(193, 2, 'assets/img/upload_image.png'),
(193, 3, 'https://s3-ap-southeast-1.amazonaws.com/highlanderbucket/Product+Images/190_3.png');
INSERT INTO `product_image` (`PRODUCT_ID`, `IMAGE_ID`, `IMAGE_URL`) VALUES
(194, 1, 'https://s3-ap-southeast-1.amazonaws.com/highlanderbucket/Product+Images/190_1.png'),
(194, 2, 'assets/img/upload_image.png'),
(194, 3, 'https://s3-ap-southeast-1.amazonaws.com/highlanderbucket/Product+Images/190_3.png'),
(195, 1, 'https://s3-ap-southeast-1.amazonaws.com/highlanderbucket/Product+Images/190_1.png'),
(195, 2, 'assets/img/upload_image.png'),
(195, 3, 'https://s3-ap-southeast-1.amazonaws.com/highlanderbucket/Product+Images/190_3.png'),
(196, 1, 'https://s3-ap-southeast-1.amazonaws.com/highlanderbucket/Product+Images/196_1.png'),
(196, 2, 'https://s3-ap-southeast-1.amazonaws.com/highlanderbucket/Product+Images/196_2.png'),
(196, 3, 'https://s3-ap-southeast-1.amazonaws.com/highlanderbucket/Product+Images/196_3.png'),
(197, 1, 'https://s3-ap-southeast-1.amazonaws.com/highlanderbucket/Product+Images/196_1.png'),
(197, 2, 'https://s3-ap-southeast-1.amazonaws.com/highlanderbucket/Product+Images/196_2.png'),
(197, 3, 'https://s3-ap-southeast-1.amazonaws.com/highlanderbucket/Product+Images/196_3.png'),
(198, 1, 'https://s3-ap-southeast-1.amazonaws.com/highlanderbucket/Product+Images/196_1.png'),
(198, 2, 'https://s3-ap-southeast-1.amazonaws.com/highlanderbucket/Product+Images/196_2.png'),
(198, 3, 'https://s3-ap-southeast-1.amazonaws.com/highlanderbucket/Product+Images/196_3.png'),
(199, 1, 'https://s3-ap-southeast-1.amazonaws.com/highlanderbucket/Product+Images/196_1.png'),
(199, 2, 'https://s3-ap-southeast-1.amazonaws.com/highlanderbucket/Product+Images/196_2.png'),
(199, 3, 'https://s3-ap-southeast-1.amazonaws.com/highlanderbucket/Product+Images/196_3.png'),
(200, 1, 'https://s3-ap-southeast-1.amazonaws.com/highlanderbucket/Product+Images/196_1.png'),
(200, 2, 'https://s3-ap-southeast-1.amazonaws.com/highlanderbucket/Product+Images/196_2.png'),
(200, 3, 'https://s3-ap-southeast-1.amazonaws.com/highlanderbucket/Product+Images/196_3.png'),
(201, 1, 'https://s3-ap-southeast-1.amazonaws.com/highlanderbucket/Product+Images/196_1.png'),
(201, 2, 'https://s3-ap-southeast-1.amazonaws.com/highlanderbucket/Product+Images/196_2.png'),
(201, 3, 'https://s3-ap-southeast-1.amazonaws.com/highlanderbucket/Product+Images/196_3.png'),
(202, 1, 'https://s3-ap-southeast-1.amazonaws.com/highlanderbucket/Product+Images/202_1.png'),
(202, 2, 'https://s3-ap-southeast-1.amazonaws.com/highlanderbucket/Product+Images/202_2.png'),
(202, 3, 'https://s3-ap-southeast-1.amazonaws.com/highlanderbucket/Product+Images/202_3.png'),
(203, 1, 'https://s3-ap-southeast-1.amazonaws.com/highlanderbucket/Product+Images/202_1.png'),
(203, 2, 'https://s3-ap-southeast-1.amazonaws.com/highlanderbucket/Product+Images/202_2.png'),
(203, 3, 'https://s3-ap-southeast-1.amazonaws.com/highlanderbucket/Product+Images/202_3.png'),
(204, 1, 'https://s3-ap-southeast-1.amazonaws.com/highlanderbucket/Product+Images/202_1.png'),
(204, 2, 'https://s3-ap-southeast-1.amazonaws.com/highlanderbucket/Product+Images/202_2.png'),
(204, 3, 'https://s3-ap-southeast-1.amazonaws.com/highlanderbucket/Product+Images/202_3.png'),
(205, 1, 'https://s3-ap-southeast-1.amazonaws.com/highlanderbucket/Product+Images/202_1.png'),
(205, 2, 'https://s3-ap-southeast-1.amazonaws.com/highlanderbucket/Product+Images/202_2.png'),
(205, 3, 'https://s3-ap-southeast-1.amazonaws.com/highlanderbucket/Product+Images/202_3.png'),
(206, 1, 'https://s3-ap-southeast-1.amazonaws.com/highlanderbucket/Product+Images/202_1.png'),
(206, 2, 'https://s3-ap-southeast-1.amazonaws.com/highlanderbucket/Product+Images/202_2.png'),
(206, 3, 'https://s3-ap-southeast-1.amazonaws.com/highlanderbucket/Product+Images/202_3.png'),
(207, 1, 'https://s3-ap-southeast-1.amazonaws.com/highlanderbucket/Product+Images/202_1.png'),
(207, 2, 'https://s3-ap-southeast-1.amazonaws.com/highlanderbucket/Product+Images/202_2.png'),
(207, 3, 'https://s3-ap-southeast-1.amazonaws.com/highlanderbucket/Product+Images/202_3.png'),
(208, 1, 'https://s3-ap-southeast-1.amazonaws.com/highlanderbucket/Product+Images/208_1.png'),
(208, 2, 'https://s3-ap-southeast-1.amazonaws.com/highlanderbucket/Product+Images/208_2.png'),
(208, 3, 'https://s3-ap-southeast-1.amazonaws.com/highlanderbucket/Product+Images/208_3.png'),
(209, 1, 'https://s3-ap-southeast-1.amazonaws.com/highlanderbucket/Product+Images/208_1.png'),
(209, 2, 'https://s3-ap-southeast-1.amazonaws.com/highlanderbucket/Product+Images/208_2.png'),
(209, 3, 'https://s3-ap-southeast-1.amazonaws.com/highlanderbucket/Product+Images/208_3.png'),
(210, 1, 'https://s3-ap-southeast-1.amazonaws.com/highlanderbucket/Product+Images/208_1.png'),
(210, 2, 'https://s3-ap-southeast-1.amazonaws.com/highlanderbucket/Product+Images/208_2.png'),
(210, 3, 'https://s3-ap-southeast-1.amazonaws.com/highlanderbucket/Product+Images/208_3.png'),
(211, 1, 'https://s3-ap-southeast-1.amazonaws.com/highlanderbucket/Product+Images/208_1.png'),
(211, 2, 'https://s3-ap-southeast-1.amazonaws.com/highlanderbucket/Product+Images/208_2.png'),
(211, 3, 'https://s3-ap-southeast-1.amazonaws.com/highlanderbucket/Product+Images/208_3.png'),
(212, 1, 'https://s3-ap-southeast-1.amazonaws.com/highlanderbucket/Product+Images/208_1.png'),
(212, 2, 'https://s3-ap-southeast-1.amazonaws.com/highlanderbucket/Product+Images/208_2.png'),
(212, 3, 'https://s3-ap-southeast-1.amazonaws.com/highlanderbucket/Product+Images/208_3.png'),
(213, 1, 'https://s3-ap-southeast-1.amazonaws.com/highlanderbucket/Product+Images/208_1.png'),
(213, 2, 'https://s3-ap-southeast-1.amazonaws.com/highlanderbucket/Product+Images/208_2.png'),
(213, 3, 'https://s3-ap-southeast-1.amazonaws.com/highlanderbucket/Product+Images/208_3_213_3.png'),
(214, 1, 'https://s3-ap-southeast-1.amazonaws.com/highlanderbucket/Product+Images/214_1.png'),
(214, 2, 'https://s3-ap-southeast-1.amazonaws.com/highlanderbucket/Product+Images/214_2.png'),
(214, 3, 'https://s3-ap-southeast-1.amazonaws.com/highlanderbucket/Product+Images/214_3.png'),
(215, 1, 'https://s3-ap-southeast-1.amazonaws.com/highlanderbucket/Product+Images/214_1.png'),
(215, 2, 'https://s3-ap-southeast-1.amazonaws.com/highlanderbucket/Product+Images/214_2.png'),
(215, 3, 'https://s3-ap-southeast-1.amazonaws.com/highlanderbucket/Product+Images/214_3.png'),
(216, 1, 'https://s3-ap-southeast-1.amazonaws.com/highlanderbucket/Product+Images/214_1.png'),
(216, 2, 'https://s3-ap-southeast-1.amazonaws.com/highlanderbucket/Product+Images/214_2.png'),
(216, 3, 'https://s3-ap-southeast-1.amazonaws.com/highlanderbucket/Product+Images/214_3.png'),
(217, 1, 'https://s3-ap-southeast-1.amazonaws.com/highlanderbucket/Product+Images/214_1.png'),
(217, 2, 'https://s3-ap-southeast-1.amazonaws.com/highlanderbucket/Product+Images/214_2.png'),
(217, 3, 'https://s3-ap-southeast-1.amazonaws.com/highlanderbucket/Product+Images/214_3.png'),
(218, 1, 'https://s3-ap-southeast-1.amazonaws.com/highlanderbucket/Product+Images/214_1.png'),
(218, 2, 'https://s3-ap-southeast-1.amazonaws.com/highlanderbucket/Product+Images/214_2.png'),
(218, 3, 'https://s3-ap-southeast-1.amazonaws.com/highlanderbucket/Product+Images/214_3.png'),
(219, 1, 'https://s3-ap-southeast-1.amazonaws.com/highlanderbucket/Product+Images/214_1.png'),
(219, 2, 'https://s3-ap-southeast-1.amazonaws.com/highlanderbucket/Product+Images/214_2.png'),
(219, 3, 'https://s3-ap-southeast-1.amazonaws.com/highlanderbucket/Product+Images/214_3.png'),
(220, 1, 'https://s3-ap-southeast-1.amazonaws.com/highlanderbucket/Product+Images/220_1.png'),
(220, 2, 'https://s3-ap-southeast-1.amazonaws.com/highlanderbucket/Product+Images/220_2.png'),
(220, 3, 'https://s3-ap-southeast-1.amazonaws.com/highlanderbucket/Product+Images/220_3.png'),
(221, 1, 'https://s3-ap-southeast-1.amazonaws.com/highlanderbucket/Product+Images/220_1.png'),
(221, 2, 'https://s3-ap-southeast-1.amazonaws.com/highlanderbucket/Product+Images/220_2.png'),
(221, 3, 'https://s3-ap-southeast-1.amazonaws.com/highlanderbucket/Product+Images/220_3.png'),
(222, 1, 'https://s3-ap-southeast-1.amazonaws.com/highlanderbucket/Product+Images/220_1.png'),
(222, 2, 'https://s3-ap-southeast-1.amazonaws.com/highlanderbucket/Product+Images/220_2.png'),
(222, 3, 'https://s3-ap-southeast-1.amazonaws.com/highlanderbucket/Product+Images/220_3.png'),
(223, 1, 'https://s3-ap-southeast-1.amazonaws.com/highlanderbucket/Product+Images/220_1.png'),
(223, 2, 'https://s3-ap-southeast-1.amazonaws.com/highlanderbucket/Product+Images/220_2.png'),
(223, 3, 'https://s3-ap-southeast-1.amazonaws.com/highlanderbucket/Product+Images/220_3.png'),
(224, 1, 'https://s3-ap-southeast-1.amazonaws.com/highlanderbucket/Product+Images/220_1.png'),
(224, 2, 'https://s3-ap-southeast-1.amazonaws.com/highlanderbucket/Product+Images/220_2.png'),
(224, 3, 'https://s3-ap-southeast-1.amazonaws.com/highlanderbucket/Product+Images/220_3.png'),
(225, 1, 'https://s3-ap-southeast-1.amazonaws.com/highlanderbucket/Product+Images/220_1.png'),
(225, 2, 'https://s3-ap-southeast-1.amazonaws.com/highlanderbucket/Product+Images/220_2_225_2.png'),
(225, 3, 'https://s3-ap-southeast-1.amazonaws.com/highlanderbucket/Product+Images/220_3_225_3.png'),
(226, 1, 'https://s3-ap-southeast-1.amazonaws.com/highlanderbucket/Product+Images/226_1.png'),
(226, 2, 'assets/img/upload_image.png'),
(226, 3, 'https://s3-ap-southeast-1.amazonaws.com/highlanderbucket/Product+Images/226_3.png'),
(227, 1, 'https://s3-ap-southeast-1.amazonaws.com/highlanderbucket/Product+Images/226_1.png'),
(227, 2, 'assets/img/upload_image.png'),
(227, 3, 'https://s3-ap-southeast-1.amazonaws.com/highlanderbucket/Product+Images/226_3.png'),
(228, 1, 'https://s3-ap-southeast-1.amazonaws.com/highlanderbucket/Product+Images/226_1.png'),
(228, 2, 'assets/img/upload_image.png'),
(228, 3, 'https://s3-ap-southeast-1.amazonaws.com/highlanderbucket/Product+Images/226_3.png'),
(229, 1, 'https://s3-ap-southeast-1.amazonaws.com/highlanderbucket/Product+Images/226_1.png'),
(229, 2, 'assets/img/upload_image.png'),
(229, 3, 'https://s3-ap-southeast-1.amazonaws.com/highlanderbucket/Product+Images/226_3.png'),
(230, 1, 'https://s3-ap-southeast-1.amazonaws.com/highlanderbucket/Product+Images/226_1.png'),
(230, 2, 'assets/img/upload_image.png'),
(230, 3, 'https://s3-ap-southeast-1.amazonaws.com/highlanderbucket/Product+Images/226_3.png'),
(231, 1, 'https://s3-ap-southeast-1.amazonaws.com/highlanderbucket/Product+Images/226_1.png'),
(231, 2, 'assets/img/upload_image.png'),
(231, 3, 'https://s3-ap-southeast-1.amazonaws.com/highlanderbucket/Product+Images/226_3.png'),
(232, 1, 'https://s3-ap-southeast-1.amazonaws.com/highlanderbucket/Product+Images/232_1.png'),
(232, 2, 'assets/img/upload_image.png'),
(232, 3, 'https://s3-ap-southeast-1.amazonaws.com/highlanderbucket/Product+Images/232_3.png'),
(233, 1, 'https://s3-ap-southeast-1.amazonaws.com/highlanderbucket/Product+Images/232_1.png'),
(233, 2, 'assets/img/upload_image.png'),
(233, 3, 'https://s3-ap-southeast-1.amazonaws.com/highlanderbucket/Product+Images/232_3.png'),
(234, 1, 'https://s3-ap-southeast-1.amazonaws.com/highlanderbucket/Product+Images/232_1.png'),
(234, 2, 'assets/img/upload_image.png'),
(234, 3, 'https://s3-ap-southeast-1.amazonaws.com/highlanderbucket/Product+Images/232_3.png'),
(235, 1, 'https://s3-ap-southeast-1.amazonaws.com/highlanderbucket/Product+Images/232_1.png'),
(235, 2, 'assets/img/upload_image.png'),
(235, 3, 'https://s3-ap-southeast-1.amazonaws.com/highlanderbucket/Product+Images/232_3.png'),
(236, 1, 'https://s3-ap-southeast-1.amazonaws.com/highlanderbucket/Product+Images/232_1.png'),
(236, 2, 'assets/img/upload_image.png'),
(236, 3, 'https://s3-ap-southeast-1.amazonaws.com/highlanderbucket/Product+Images/232_3.png'),
(237, 1, 'https://s3-ap-southeast-1.amazonaws.com/highlanderbucket/Product+Images/232_1.png'),
(237, 2, 'assets/img/upload_image.png'),
(237, 3, 'https://s3-ap-southeast-1.amazonaws.com/highlanderbucket/Product+Images/232_3.png'),
(238, 1, 'https://s3-ap-southeast-1.amazonaws.com/highlanderbucket/Product+Images/238_1.png'),
(238, 2, 'assets/img/upload_image.png'),
(238, 3, 'https://s3-ap-southeast-1.amazonaws.com/highlanderbucket/Product+Images/238_3.png'),
(239, 1, 'https://s3-ap-southeast-1.amazonaws.com/highlanderbucket/Product+Images/238_1.png'),
(239, 2, 'assets/img/upload_image.png'),
(239, 3, 'https://s3-ap-southeast-1.amazonaws.com/highlanderbucket/Product+Images/238_3.png'),
(240, 1, 'https://s3-ap-southeast-1.amazonaws.com/highlanderbucket/Product+Images/238_1.png'),
(240, 2, 'assets/img/upload_image.png'),
(240, 3, 'https://s3-ap-southeast-1.amazonaws.com/highlanderbucket/Product+Images/238_3.png'),
(241, 1, 'https://s3-ap-southeast-1.amazonaws.com/highlanderbucket/Product+Images/238_1.png'),
(241, 2, 'assets/img/upload_image.png'),
(241, 3, 'https://s3-ap-southeast-1.amazonaws.com/highlanderbucket/Product+Images/238_3.png'),
(242, 1, 'https://s3-ap-southeast-1.amazonaws.com/highlanderbucket/Product+Images/238_1.png'),
(242, 2, 'assets/img/upload_image.png'),
(242, 3, 'https://s3-ap-southeast-1.amazonaws.com/highlanderbucket/Product+Images/238_3.png'),
(243, 1, 'https://s3-ap-southeast-1.amazonaws.com/highlanderbucket/Product+Images/238_1.png'),
(243, 2, 'assets/img/upload_image.png'),
(243, 3, 'https://s3-ap-southeast-1.amazonaws.com/highlanderbucket/Product+Images/238_3.png'),
(244, 1, 'https://s3-ap-southeast-1.amazonaws.com/highlanderbucket/Product+Images/244_1.png'),
(244, 2, 'assets/img/upload_image.png'),
(244, 3, 'https://s3-ap-southeast-1.amazonaws.com/highlanderbucket/Product+Images/244_3.png'),
(245, 1, 'https://s3-ap-southeast-1.amazonaws.com/highlanderbucket/Product+Images/244_1.png'),
(245, 2, 'assets/img/upload_image.png'),
(245, 3, 'https://s3-ap-southeast-1.amazonaws.com/highlanderbucket/Product+Images/244_3.png'),
(246, 1, 'https://s3-ap-southeast-1.amazonaws.com/highlanderbucket/Product+Images/244_1.png'),
(246, 2, 'assets/img/upload_image.png'),
(246, 3, 'https://s3-ap-southeast-1.amazonaws.com/highlanderbucket/Product+Images/244_3.png'),
(247, 1, 'https://s3-ap-southeast-1.amazonaws.com/highlanderbucket/Product+Images/244_1.png'),
(247, 2, 'assets/img/upload_image.png'),
(247, 3, 'https://s3-ap-southeast-1.amazonaws.com/highlanderbucket/Product+Images/244_3.png'),
(248, 1, 'https://s3-ap-southeast-1.amazonaws.com/highlanderbucket/Product+Images/244_1.png'),
(248, 2, 'assets/img/upload_image.png'),
(248, 3, 'https://s3-ap-southeast-1.amazonaws.com/highlanderbucket/Product+Images/244_3.png'),
(249, 1, 'https://s3-ap-southeast-1.amazonaws.com/highlanderbucket/Product+Images/244_1.png'),
(249, 2, 'assets/img/upload_image.png'),
(249, 3, 'https://s3-ap-southeast-1.amazonaws.com/highlanderbucket/Product+Images/244_3.png'),
(250, 1, 'https://s3-ap-southeast-1.amazonaws.com/highlanderbucket/Product+Images/250_1.png'),
(250, 2, 'https://s3-ap-southeast-1.amazonaws.com/highlanderbucket/Product+Images/250_2.png'),
(250, 3, 'https://s3-ap-southeast-1.amazonaws.com/highlanderbucket/Product+Images/250_3.png'),
(251, 1, 'https://s3-ap-southeast-1.amazonaws.com/highlanderbucket/Product+Images/250_1.png'),
(251, 2, 'https://s3-ap-southeast-1.amazonaws.com/highlanderbucket/Product+Images/250_2.png'),
(251, 3, 'https://s3-ap-southeast-1.amazonaws.com/highlanderbucket/Product+Images/250_3.png'),
(252, 1, 'https://s3-ap-southeast-1.amazonaws.com/highlanderbucket/Product+Images/250_1.png'),
(252, 2, 'https://s3-ap-southeast-1.amazonaws.com/highlanderbucket/Product+Images/250_2.png'),
(252, 3, 'https://s3-ap-southeast-1.amazonaws.com/highlanderbucket/Product+Images/250_3.png'),
(253, 1, 'https://s3-ap-southeast-1.amazonaws.com/highlanderbucket/Product+Images/250_1.png'),
(253, 2, 'https://s3-ap-southeast-1.amazonaws.com/highlanderbucket/Product+Images/250_2.png'),
(253, 3, 'https://s3-ap-southeast-1.amazonaws.com/highlanderbucket/Product+Images/250_3.png'),
(254, 1, 'https://s3-ap-southeast-1.amazonaws.com/highlanderbucket/Product+Images/250_1.png'),
(254, 2, 'https://s3-ap-southeast-1.amazonaws.com/highlanderbucket/Product+Images/250_2.png'),
(254, 3, 'https://s3-ap-southeast-1.amazonaws.com/highlanderbucket/Product+Images/250_3.png'),
(255, 1, 'https://s3-ap-southeast-1.amazonaws.com/highlanderbucket/Product+Images/250_1.png'),
(255, 2, 'https://s3-ap-southeast-1.amazonaws.com/highlanderbucket/Product+Images/250_2.png'),
(255, 3, 'https://s3-ap-southeast-1.amazonaws.com/highlanderbucket/Product+Images/250_3.png'),
(256, 1, 'https://s3-ap-southeast-1.amazonaws.com/highlanderbucket/Product+Images/256_1.png'),
(256, 2, 'assets/img/upload_image.png'),
(256, 3, 'https://s3-ap-southeast-1.amazonaws.com/highlanderbucket/Product+Images/256_3.png'),
(257, 1, 'https://s3-ap-southeast-1.amazonaws.com/highlanderbucket/Product+Images/256_1.png'),
(257, 2, 'assets/img/upload_image.png'),
(257, 3, 'https://s3-ap-southeast-1.amazonaws.com/highlanderbucket/Product+Images/256_3.png'),
(258, 1, 'https://s3-ap-southeast-1.amazonaws.com/highlanderbucket/Product+Images/256_1.png'),
(258, 2, 'assets/img/upload_image.png'),
(258, 3, 'https://s3-ap-southeast-1.amazonaws.com/highlanderbucket/Product+Images/256_3.png'),
(259, 1, 'https://s3-ap-southeast-1.amazonaws.com/highlanderbucket/Product+Images/256_1.png'),
(259, 2, 'assets/img/upload_image.png'),
(259, 3, 'https://s3-ap-southeast-1.amazonaws.com/highlanderbucket/Product+Images/256_3.png'),
(260, 1, 'https://s3-ap-southeast-1.amazonaws.com/highlanderbucket/Product+Images/256_1.png'),
(260, 2, 'assets/img/upload_image.png'),
(260, 3, 'https://s3-ap-southeast-1.amazonaws.com/highlanderbucket/Product+Images/256_3.png'),
(261, 1, 'https://s3-ap-southeast-1.amazonaws.com/highlanderbucket/Product+Images/256_1.png'),
(261, 2, 'assets/img/upload_image.png'),
(261, 3, 'https://s3-ap-southeast-1.amazonaws.com/highlanderbucket/Product+Images/256_3.png'),
(262, 1, 'https://s3-ap-southeast-1.amazonaws.com/highlanderbucket/Product+Images/262_1.png'),
(262, 2, 'https://s3-ap-southeast-1.amazonaws.com/highlanderbucket/Product+Images/262_2.png'),
(262, 3, 'https://s3-ap-southeast-1.amazonaws.com/highlanderbucket/Product+Images/262_3.png'),
(263, 1, 'https://s3-ap-southeast-1.amazonaws.com/highlanderbucket/Product+Images/262_1.png'),
(263, 2, 'https://s3-ap-southeast-1.amazonaws.com/highlanderbucket/Product+Images/262_2.png'),
(263, 3, 'https://s3-ap-southeast-1.amazonaws.com/highlanderbucket/Product+Images/262_3.png'),
(264, 1, 'https://s3-ap-southeast-1.amazonaws.com/highlanderbucket/Product+Images/262_1.png'),
(264, 2, 'https://s3-ap-southeast-1.amazonaws.com/highlanderbucket/Product+Images/262_2.png'),
(264, 3, 'https://s3-ap-southeast-1.amazonaws.com/highlanderbucket/Product+Images/262_3.png'),
(265, 1, 'https://s3-ap-southeast-1.amazonaws.com/highlanderbucket/Product+Images/262_1.png'),
(265, 2, 'https://s3-ap-southeast-1.amazonaws.com/highlanderbucket/Product+Images/262_2.png'),
(265, 3, 'https://s3-ap-southeast-1.amazonaws.com/highlanderbucket/Product+Images/262_3.png'),
(266, 1, 'https://s3-ap-southeast-1.amazonaws.com/highlanderbucket/Product+Images/262_1.png'),
(266, 2, 'https://s3-ap-southeast-1.amazonaws.com/highlanderbucket/Product+Images/262_2.png'),
(266, 3, 'https://s3-ap-southeast-1.amazonaws.com/highlanderbucket/Product+Images/262_3.png'),
(267, 1, 'https://s3-ap-southeast-1.amazonaws.com/highlanderbucket/Product+Images/262_1.png'),
(267, 2, 'https://s3-ap-southeast-1.amazonaws.com/highlanderbucket/Product+Images/262_2.png'),
(267, 3, 'https://s3-ap-southeast-1.amazonaws.com/highlanderbucket/Product+Images/262_3.png'),
(268, 1, 'https://s3-ap-southeast-1.amazonaws.com/highlanderbucket/Product+Images/268_1.png'),
(268, 2, 'https://s3-ap-southeast-1.amazonaws.com/highlanderbucket/Product+Images/268_2.png'),
(268, 3, 'https://s3-ap-southeast-1.amazonaws.com/highlanderbucket/Product+Images/268_3.png'),
(269, 1, 'https://s3-ap-southeast-1.amazonaws.com/highlanderbucket/Product+Images/268_1.png'),
(269, 2, 'https://s3-ap-southeast-1.amazonaws.com/highlanderbucket/Product+Images/268_2.png'),
(269, 3, 'https://s3-ap-southeast-1.amazonaws.com/highlanderbucket/Product+Images/268_3.png'),
(270, 1, 'https://s3-ap-southeast-1.amazonaws.com/highlanderbucket/Product+Images/268_1.png'),
(270, 2, 'https://s3-ap-southeast-1.amazonaws.com/highlanderbucket/Product+Images/268_2.png'),
(270, 3, 'https://s3-ap-southeast-1.amazonaws.com/highlanderbucket/Product+Images/268_3.png'),
(271, 1, 'https://s3-ap-southeast-1.amazonaws.com/highlanderbucket/Product+Images/268_1.png'),
(271, 2, 'https://s3-ap-southeast-1.amazonaws.com/highlanderbucket/Product+Images/268_2.png'),
(271, 3, 'https://s3-ap-southeast-1.amazonaws.com/highlanderbucket/Product+Images/268_3.png'),
(272, 1, 'https://s3-ap-southeast-1.amazonaws.com/highlanderbucket/Product+Images/268_1.png'),
(272, 2, 'https://s3-ap-southeast-1.amazonaws.com/highlanderbucket/Product+Images/268_2.png'),
(272, 3, 'https://s3-ap-southeast-1.amazonaws.com/highlanderbucket/Product+Images/268_3.png'),
(273, 1, 'https://s3-ap-southeast-1.amazonaws.com/highlanderbucket/Product+Images/268_1.png'),
(273, 2, 'https://s3-ap-southeast-1.amazonaws.com/highlanderbucket/Product+Images/268_2.png'),
(273, 3, 'https://s3-ap-southeast-1.amazonaws.com/highlanderbucket/Product+Images/268_3.png'),
(274, 1, 'https://s3-ap-southeast-1.amazonaws.com/highlanderbucket/Product+Images/274_1.png'),
(274, 2, 'assets/img/upload_image.png'),
(274, 3, 'https://s3-ap-southeast-1.amazonaws.com/highlanderbucket/Product+Images/274_3.png'),
(275, 1, 'https://s3-ap-southeast-1.amazonaws.com/highlanderbucket/Product+Images/274_1.png'),
(275, 2, 'assets/img/upload_image.png'),
(275, 3, 'https://s3-ap-southeast-1.amazonaws.com/highlanderbucket/Product+Images/274_3.png'),
(276, 1, 'https://s3-ap-southeast-1.amazonaws.com/highlanderbucket/Product+Images/274_1.png'),
(276, 2, 'assets/img/upload_image.png'),
(276, 3, 'https://s3-ap-southeast-1.amazonaws.com/highlanderbucket/Product+Images/274_3.png'),
(277, 1, 'https://s3-ap-southeast-1.amazonaws.com/highlanderbucket/Product+Images/274_1.png'),
(277, 2, 'assets/img/upload_image.png'),
(277, 3, 'https://s3-ap-southeast-1.amazonaws.com/highlanderbucket/Product+Images/274_3.png'),
(278, 1, 'https://s3-ap-southeast-1.amazonaws.com/highlanderbucket/Product+Images/274_1.png'),
(278, 2, 'assets/img/upload_image.png'),
(278, 3, 'https://s3-ap-southeast-1.amazonaws.com/highlanderbucket/Product+Images/274_3.png'),
(279, 1, 'https://s3-ap-southeast-1.amazonaws.com/highlanderbucket/Product+Images/274_1.png'),
(279, 2, 'assets/img/upload_image.png'),
(279, 3, 'https://s3-ap-southeast-1.amazonaws.com/highlanderbucket/Product+Images/274_3.png'),
(280, 1, 'https://s3-ap-southeast-1.amazonaws.com/highlanderbucket/Product+Images/280_1.png'),
(280, 2, 'assets/img/upload_image.png'),
(280, 3, 'https://s3-ap-southeast-1.amazonaws.com/highlanderbucket/Product+Images/280_3.png'),
(281, 1, 'https://s3-ap-southeast-1.amazonaws.com/highlanderbucket/Product+Images/280_1.png'),
(281, 2, 'assets/img/upload_image.png'),
(281, 3, 'https://s3-ap-southeast-1.amazonaws.com/highlanderbucket/Product+Images/280_3.png'),
(282, 1, 'https://s3-ap-southeast-1.amazonaws.com/highlanderbucket/Product+Images/280_1.png'),
(282, 2, 'assets/img/upload_image.png'),
(282, 3, 'https://s3-ap-southeast-1.amazonaws.com/highlanderbucket/Product+Images/280_3.png'),
(283, 1, 'https://s3-ap-southeast-1.amazonaws.com/highlanderbucket/Product+Images/280_1.png'),
(283, 2, 'assets/img/upload_image.png'),
(283, 3, 'https://s3-ap-southeast-1.amazonaws.com/highlanderbucket/Product+Images/280_3.png'),
(284, 1, 'https://s3-ap-southeast-1.amazonaws.com/highlanderbucket/Product+Images/280_1.png'),
(284, 2, 'assets/img/upload_image.png'),
(284, 3, 'https://s3-ap-southeast-1.amazonaws.com/highlanderbucket/Product+Images/280_3.png'),
(285, 1, 'https://s3-ap-southeast-1.amazonaws.com/highlanderbucket/Product+Images/280_1.png'),
(285, 2, 'assets/img/upload_image.png'),
(285, 3, 'https://s3-ap-southeast-1.amazonaws.com/highlanderbucket/Product+Images/280_3.png'),
(286, 1, 'https://s3-ap-southeast-1.amazonaws.com/highlanderbucket/Product+Images/286_1.png'),
(286, 2, 'assets/img/upload_image.png'),
(286, 3, 'https://s3-ap-southeast-1.amazonaws.com/highlanderbucket/Product+Images/286_3.png'),
(287, 1, 'https://s3-ap-southeast-1.amazonaws.com/highlanderbucket/Product+Images/286_1.png'),
(287, 2, 'assets/img/upload_image.png'),
(287, 3, 'https://s3-ap-southeast-1.amazonaws.com/highlanderbucket/Product+Images/286_3.png'),
(288, 1, 'https://s3-ap-southeast-1.amazonaws.com/highlanderbucket/Product+Images/286_1.png'),
(288, 2, 'assets/img/upload_image.png'),
(288, 3, 'https://s3-ap-southeast-1.amazonaws.com/highlanderbucket/Product+Images/286_3.png'),
(289, 1, 'https://s3-ap-southeast-1.amazonaws.com/highlanderbucket/Product+Images/286_1.png'),
(289, 2, 'assets/img/upload_image.png'),
(289, 3, 'https://s3-ap-southeast-1.amazonaws.com/highlanderbucket/Product+Images/286_3.png'),
(290, 1, 'https://s3-ap-southeast-1.amazonaws.com/highlanderbucket/Product+Images/286_1.png'),
(290, 2, 'assets/img/upload_image.png'),
(290, 3, 'https://s3-ap-southeast-1.amazonaws.com/highlanderbucket/Product+Images/286_3.png'),
(291, 1, 'https://s3-ap-southeast-1.amazonaws.com/highlanderbucket/Product+Images/286_1.png'),
(291, 2, 'assets/img/upload_image.png'),
(291, 3, 'https://s3-ap-southeast-1.amazonaws.com/highlanderbucket/Product+Images/286_3.png'),
(292, 1, 'https://s3-ap-southeast-1.amazonaws.com/highlanderbucket/Product+Images/292_1.png'),
(292, 2, 'assets/img/upload_image.png'),
(292, 3, 'https://s3-ap-southeast-1.amazonaws.com/highlanderbucket/Product+Images/292_3.png'),
(293, 1, 'https://s3-ap-southeast-1.amazonaws.com/highlanderbucket/Product+Images/292_1.png'),
(293, 2, 'assets/img/upload_image.png'),
(293, 3, 'https://s3-ap-southeast-1.amazonaws.com/highlanderbucket/Product+Images/292_3.png'),
(294, 1, 'https://s3-ap-southeast-1.amazonaws.com/highlanderbucket/Product+Images/292_1.png'),
(294, 2, 'assets/img/upload_image.png'),
(294, 3, 'https://s3-ap-southeast-1.amazonaws.com/highlanderbucket/Product+Images/292_3.png'),
(295, 1, 'https://s3-ap-southeast-1.amazonaws.com/highlanderbucket/Product+Images/292_1.png'),
(295, 2, 'assets/img/upload_image.png'),
(295, 3, 'https://s3-ap-southeast-1.amazonaws.com/highlanderbucket/Product+Images/292_3.png'),
(296, 1, 'https://s3-ap-southeast-1.amazonaws.com/highlanderbucket/Product+Images/292_1.png'),
(296, 2, 'assets/img/upload_image.png'),
(296, 3, 'https://s3-ap-southeast-1.amazonaws.com/highlanderbucket/Product+Images/292_3.png'),
(297, 1, 'https://s3-ap-southeast-1.amazonaws.com/highlanderbucket/Product+Images/292_1.png'),
(297, 2, 'assets/img/upload_image.png'),
(297, 3, 'https://s3-ap-southeast-1.amazonaws.com/highlanderbucket/Product+Images/292_3.png'),
(298, 1, 'https://s3-ap-southeast-1.amazonaws.com/highlanderbucket/Product+Images/298_1.png'),
(298, 2, 'https://s3-ap-southeast-1.amazonaws.com/highlanderbucket/Product+Images/298_2.png'),
(298, 3, 'https://s3-ap-southeast-1.amazonaws.com/highlanderbucket/Product+Images/298_3.png'),
(299, 1, 'https://s3-ap-southeast-1.amazonaws.com/highlanderbucket/Product+Images/298_1.png'),
(299, 2, 'https://s3-ap-southeast-1.amazonaws.com/highlanderbucket/Product+Images/298_2.png'),
(299, 3, 'https://s3-ap-southeast-1.amazonaws.com/highlanderbucket/Product+Images/298_3.png'),
(300, 1, 'https://s3-ap-southeast-1.amazonaws.com/highlanderbucket/Product+Images/298_1.png'),
(300, 2, 'https://s3-ap-southeast-1.amazonaws.com/highlanderbucket/Product+Images/298_2.png'),
(300, 3, 'https://s3-ap-southeast-1.amazonaws.com/highlanderbucket/Product+Images/298_3.png'),
(301, 1, 'https://s3-ap-southeast-1.amazonaws.com/highlanderbucket/Product+Images/298_1.png'),
(301, 2, 'https://s3-ap-southeast-1.amazonaws.com/highlanderbucket/Product+Images/298_2.png'),
(301, 3, 'https://s3-ap-southeast-1.amazonaws.com/highlanderbucket/Product+Images/298_3.png'),
(302, 1, 'https://s3-ap-southeast-1.amazonaws.com/highlanderbucket/Product+Images/298_1.png'),
(302, 2, 'https://s3-ap-southeast-1.amazonaws.com/highlanderbucket/Product+Images/298_2.png'),
(302, 3, 'https://s3-ap-southeast-1.amazonaws.com/highlanderbucket/Product+Images/298_3.png'),
(303, 1, 'https://s3-ap-southeast-1.amazonaws.com/highlanderbucket/Product+Images/298_1.png'),
(303, 2, 'https://s3-ap-southeast-1.amazonaws.com/highlanderbucket/Product+Images/298_2.png'),
(303, 3, 'https://s3-ap-southeast-1.amazonaws.com/highlanderbucket/Product+Images/298_3.png'),
(304, 1, 'https://s3-ap-southeast-1.amazonaws.com/highlanderbucket/Product+Images/304_1.png'),
(304, 2, 'https://s3-ap-southeast-1.amazonaws.com/highlanderbucket/Product+Images/304_2.png'),
(304, 3, 'https://s3-ap-southeast-1.amazonaws.com/highlanderbucket/Product+Images/304_3.png'),
(305, 1, 'https://s3-ap-southeast-1.amazonaws.com/highlanderbucket/Product+Images/304_1.png'),
(305, 2, 'https://s3-ap-southeast-1.amazonaws.com/highlanderbucket/Product+Images/304_2.png'),
(305, 3, 'https://s3-ap-southeast-1.amazonaws.com/highlanderbucket/Product+Images/304_3.png'),
(306, 1, 'https://s3-ap-southeast-1.amazonaws.com/highlanderbucket/Product+Images/304_1.png'),
(306, 2, 'https://s3-ap-southeast-1.amazonaws.com/highlanderbucket/Product+Images/304_2.png'),
(306, 3, 'https://s3-ap-southeast-1.amazonaws.com/highlanderbucket/Product+Images/304_3.png'),
(307, 1, 'https://s3-ap-southeast-1.amazonaws.com/highlanderbucket/Product+Images/304_1.png'),
(307, 2, 'https://s3-ap-southeast-1.amazonaws.com/highlanderbucket/Product+Images/304_2.png'),
(307, 3, 'https://s3-ap-southeast-1.amazonaws.com/highlanderbucket/Product+Images/304_3.png'),
(308, 1, 'https://s3-ap-southeast-1.amazonaws.com/highlanderbucket/Product+Images/304_1.png'),
(308, 2, 'https://s3-ap-southeast-1.amazonaws.com/highlanderbucket/Product+Images/304_2.png'),
(308, 3, 'https://s3-ap-southeast-1.amazonaws.com/highlanderbucket/Product+Images/304_3.png'),
(309, 1, 'https://s3-ap-southeast-1.amazonaws.com/highlanderbucket/Product+Images/304_1.png'),
(309, 2, 'https://s3-ap-southeast-1.amazonaws.com/highlanderbucket/Product+Images/304_2.png'),
(309, 3, 'https://s3-ap-southeast-1.amazonaws.com/highlanderbucket/Product+Images/304_3.png'),
(310, 1, 'https://s3-ap-southeast-1.amazonaws.com/highlanderbucket/Product+Images/310_1.png'),
(310, 2, 'https://s3-ap-southeast-1.amazonaws.com/highlanderbucket/Product+Images/310_2.png'),
(310, 3, 'https://s3-ap-southeast-1.amazonaws.com/highlanderbucket/Product+Images/310_3.png'),
(311, 1, 'https://s3-ap-southeast-1.amazonaws.com/highlanderbucket/Product+Images/310_1.png'),
(311, 2, 'https://s3-ap-southeast-1.amazonaws.com/highlanderbucket/Product+Images/310_2.png'),
(311, 3, 'https://s3-ap-southeast-1.amazonaws.com/highlanderbucket/Product+Images/310_3.png'),
(312, 1, 'https://s3-ap-southeast-1.amazonaws.com/highlanderbucket/Product+Images/310_1.png'),
(312, 2, 'https://s3-ap-southeast-1.amazonaws.com/highlanderbucket/Product+Images/310_2.png'),
(312, 3, 'https://s3-ap-southeast-1.amazonaws.com/highlanderbucket/Product+Images/310_3.png'),
(313, 1, 'https://s3-ap-southeast-1.amazonaws.com/highlanderbucket/Product+Images/310_1.png'),
(313, 2, 'https://s3-ap-southeast-1.amazonaws.com/highlanderbucket/Product+Images/310_2.png'),
(313, 3, 'https://s3-ap-southeast-1.amazonaws.com/highlanderbucket/Product+Images/310_3.png'),
(314, 1, 'https://s3-ap-southeast-1.amazonaws.com/highlanderbucket/Product+Images/310_1.png'),
(314, 2, 'https://s3-ap-southeast-1.amazonaws.com/highlanderbucket/Product+Images/310_2.png'),
(314, 3, 'https://s3-ap-southeast-1.amazonaws.com/highlanderbucket/Product+Images/310_3.png'),
(315, 1, 'https://s3-ap-southeast-1.amazonaws.com/highlanderbucket/Product+Images/310_1.png'),
(315, 2, 'https://s3-ap-southeast-1.amazonaws.com/highlanderbucket/Product+Images/310_2.png'),
(315, 3, 'https://s3-ap-southeast-1.amazonaws.com/highlanderbucket/Product+Images/310_3.png'),
(316, 1, 'https://s3-ap-southeast-1.amazonaws.com/highlanderbucket/Product+Images/316_1.png'),
(316, 2, 'https://s3-ap-southeast-1.amazonaws.com/highlanderbucket/Product+Images/316_2.png'),
(316, 3, 'https://s3-ap-southeast-1.amazonaws.com/highlanderbucket/Product+Images/316_3.png'),
(317, 1, 'https://s3-ap-southeast-1.amazonaws.com/highlanderbucket/Product+Images/316_1.png'),
(317, 2, 'https://s3-ap-southeast-1.amazonaws.com/highlanderbucket/Product+Images/316_2.png'),
(317, 3, 'https://s3-ap-southeast-1.amazonaws.com/highlanderbucket/Product+Images/316_3.png'),
(318, 1, 'https://s3-ap-southeast-1.amazonaws.com/highlanderbucket/Product+Images/316_1.png'),
(318, 2, 'https://s3-ap-southeast-1.amazonaws.com/highlanderbucket/Product+Images/316_2.png'),
(318, 3, 'https://s3-ap-southeast-1.amazonaws.com/highlanderbucket/Product+Images/316_3.png'),
(319, 1, 'https://s3-ap-southeast-1.amazonaws.com/highlanderbucket/Product+Images/316_1.png'),
(319, 2, 'https://s3-ap-southeast-1.amazonaws.com/highlanderbucket/Product+Images/316_2.png'),
(319, 3, 'https://s3-ap-southeast-1.amazonaws.com/highlanderbucket/Product+Images/316_3.png'),
(320, 1, 'https://s3-ap-southeast-1.amazonaws.com/highlanderbucket/Product+Images/316_1.png'),
(320, 2, 'https://s3-ap-southeast-1.amazonaws.com/highlanderbucket/Product+Images/316_2.png'),
(320, 3, 'https://s3-ap-southeast-1.amazonaws.com/highlanderbucket/Product+Images/316_3.png'),
(321, 1, 'https://s3-ap-southeast-1.amazonaws.com/highlanderbucket/Product+Images/316_1.png'),
(321, 2, 'https://s3-ap-southeast-1.amazonaws.com/highlanderbucket/Product+Images/316_2.png'),
(321, 3, 'https://s3-ap-southeast-1.amazonaws.com/highlanderbucket/Product+Images/316_3.png'),
(322, 1, 'https://s3-ap-southeast-1.amazonaws.com/highlanderbucket/Product+Images/322_1.png'),
(322, 2, 'assets/img/upload_image.png'),
(322, 3, 'https://s3-ap-southeast-1.amazonaws.com/highlanderbucket/Product+Images/322_3.png'),
(323, 1, 'https://s3-ap-southeast-1.amazonaws.com/highlanderbucket/Product+Images/322_1.png'),
(323, 2, 'assets/img/upload_image.png'),
(323, 3, 'https://s3-ap-southeast-1.amazonaws.com/highlanderbucket/Product+Images/322_3.png'),
(324, 1, 'https://s3-ap-southeast-1.amazonaws.com/highlanderbucket/Product+Images/322_1.png'),
(324, 2, 'assets/img/upload_image.png'),
(324, 3, 'https://s3-ap-southeast-1.amazonaws.com/highlanderbucket/Product+Images/322_3.png'),
(325, 1, 'https://s3-ap-southeast-1.amazonaws.com/highlanderbucket/Product+Images/322_1.png'),
(325, 2, 'assets/img/upload_image.png'),
(325, 3, 'https://s3-ap-southeast-1.amazonaws.com/highlanderbucket/Product+Images/322_3.png'),
(326, 1, 'https://s3-ap-southeast-1.amazonaws.com/highlanderbucket/Product+Images/322_1.png'),
(326, 2, 'assets/img/upload_image.png'),
(326, 3, 'https://s3-ap-southeast-1.amazonaws.com/highlanderbucket/Product+Images/322_3.png'),
(327, 1, 'https://s3-ap-southeast-1.amazonaws.com/highlanderbucket/Product+Images/322_1.png'),
(327, 2, 'assets/img/upload_image.png'),
(327, 3, 'https://s3-ap-southeast-1.amazonaws.com/highlanderbucket/Product+Images/322_3.png'),
(328, 1, 'https://s3-ap-southeast-1.amazonaws.com/highlanderbucket/Product+Images/328_1.png'),
(328, 2, 'assets/img/upload_image.png'),
(328, 3, 'https://s3-ap-southeast-1.amazonaws.com/highlanderbucket/Product+Images/328_3.png'),
(329, 1, 'https://s3-ap-southeast-1.amazonaws.com/highlanderbucket/Product+Images/328_1.png'),
(329, 2, 'assets/img/upload_image.png'),
(329, 3, 'https://s3-ap-southeast-1.amazonaws.com/highlanderbucket/Product+Images/328_3.png'),
(330, 1, 'https://s3-ap-southeast-1.amazonaws.com/highlanderbucket/Product+Images/328_1.png'),
(330, 2, 'assets/img/upload_image.png'),
(330, 3, 'https://s3-ap-southeast-1.amazonaws.com/highlanderbucket/Product+Images/328_3.png'),
(331, 1, 'https://s3-ap-southeast-1.amazonaws.com/highlanderbucket/Product+Images/328_1.png'),
(331, 2, 'assets/img/upload_image.png'),
(331, 3, 'https://s3-ap-southeast-1.amazonaws.com/highlanderbucket/Product+Images/328_3.png'),
(332, 1, 'https://s3-ap-southeast-1.amazonaws.com/highlanderbucket/Product+Images/328_1.png'),
(332, 2, 'assets/img/upload_image.png'),
(332, 3, 'https://s3-ap-southeast-1.amazonaws.com/highlanderbucket/Product+Images/328_3.png'),
(333, 1, 'https://s3-ap-southeast-1.amazonaws.com/highlanderbucket/Product+Images/328_1.png'),
(333, 2, 'assets/img/upload_image.png'),
(333, 3, 'https://s3-ap-southeast-1.amazonaws.com/highlanderbucket/Product+Images/328_3.png'),
(334, 1, 'https://s3-ap-southeast-1.amazonaws.com/highlanderbucket/Product+Images/334_1.png'),
(334, 2, 'assets/img/upload_image.png'),
(334, 3, 'https://s3-ap-southeast-1.amazonaws.com/highlanderbucket/Product+Images/334_3.png'),
(335, 1, 'https://s3-ap-southeast-1.amazonaws.com/highlanderbucket/Product+Images/334_1.png'),
(335, 2, 'assets/img/upload_image.png'),
(335, 3, 'https://s3-ap-southeast-1.amazonaws.com/highlanderbucket/Product+Images/334_3.png'),
(336, 1, 'https://s3-ap-southeast-1.amazonaws.com/highlanderbucket/Product+Images/334_1.png'),
(336, 2, 'assets/img/upload_image.png'),
(336, 3, 'https://s3-ap-southeast-1.amazonaws.com/highlanderbucket/Product+Images/334_3.png'),
(337, 1, 'https://s3-ap-southeast-1.amazonaws.com/highlanderbucket/Product+Images/334_1.png'),
(337, 2, 'assets/img/upload_image.png'),
(337, 3, 'https://s3-ap-southeast-1.amazonaws.com/highlanderbucket/Product+Images/334_3.png'),
(338, 1, 'https://s3-ap-southeast-1.amazonaws.com/highlanderbucket/Product+Images/334_1.png'),
(338, 2, 'assets/img/upload_image.png'),
(338, 3, 'https://s3-ap-southeast-1.amazonaws.com/highlanderbucket/Product+Images/334_3.png'),
(339, 1, 'https://s3-ap-southeast-1.amazonaws.com/highlanderbucket/Product+Images/334_1.png'),
(339, 2, 'assets/img/upload_image.png'),
(339, 3, 'https://s3-ap-southeast-1.amazonaws.com/highlanderbucket/Product+Images/334_3.png'),
(340, 1, 'https://s3-ap-southeast-1.amazonaws.com/highlanderbucket/Product+Images/340_1.png'),
(340, 2, 'assets/img/upload_image.png'),
(340, 3, 'https://s3-ap-southeast-1.amazonaws.com/highlanderbucket/Product+Images/340_3.png'),
(341, 1, 'https://s3-ap-southeast-1.amazonaws.com/highlanderbucket/Product+Images/340_1.png'),
(341, 2, 'assets/img/upload_image.png'),
(341, 3, 'https://s3-ap-southeast-1.amazonaws.com/highlanderbucket/Product+Images/340_3.png'),
(342, 1, 'https://s3-ap-southeast-1.amazonaws.com/highlanderbucket/Product+Images/340_1.png'),
(342, 2, 'assets/img/upload_image.png'),
(342, 3, 'https://s3-ap-southeast-1.amazonaws.com/highlanderbucket/Product+Images/340_3.png'),
(343, 1, 'https://s3-ap-southeast-1.amazonaws.com/highlanderbucket/Product+Images/340_1.png'),
(343, 2, 'assets/img/upload_image.png'),
(343, 3, 'https://s3-ap-southeast-1.amazonaws.com/highlanderbucket/Product+Images/340_3.png'),
(344, 1, 'https://s3-ap-southeast-1.amazonaws.com/highlanderbucket/Product+Images/340_1.png'),
(344, 2, 'assets/img/upload_image.png'),
(344, 3, 'https://s3-ap-southeast-1.amazonaws.com/highlanderbucket/Product+Images/340_3.png'),
(345, 1, 'https://s3-ap-southeast-1.amazonaws.com/highlanderbucket/Product+Images/340_1.png'),
(345, 2, 'assets/img/upload_image.png'),
(345, 3, 'https://s3-ap-southeast-1.amazonaws.com/highlanderbucket/Product+Images/340_3.png'),
(346, 1, 'https://s3-ap-southeast-1.amazonaws.com/highlanderbucket/Product+Images/346_1.png'),
(346, 2, 'https://s3-ap-southeast-1.amazonaws.com/highlanderbucket/Product+Images/346_2.png'),
(346, 3, 'https://s3-ap-southeast-1.amazonaws.com/highlanderbucket/Product+Images/346_3.png'),
(347, 1, 'https://s3-ap-southeast-1.amazonaws.com/highlanderbucket/Product+Images/346_1.png'),
(347, 2, 'https://s3-ap-southeast-1.amazonaws.com/highlanderbucket/Product+Images/346_2.png'),
(347, 3, 'https://s3-ap-southeast-1.amazonaws.com/highlanderbucket/Product+Images/346_3.png'),
(348, 1, 'https://s3-ap-southeast-1.amazonaws.com/highlanderbucket/Product+Images/346_1.png'),
(348, 2, 'https://s3-ap-southeast-1.amazonaws.com/highlanderbucket/Product+Images/346_2.png'),
(348, 3, 'https://s3-ap-southeast-1.amazonaws.com/highlanderbucket/Product+Images/346_3.png'),
(349, 1, 'https://s3-ap-southeast-1.amazonaws.com/highlanderbucket/Product+Images/346_1.png'),
(349, 2, 'https://s3-ap-southeast-1.amazonaws.com/highlanderbucket/Product+Images/346_2.png'),
(349, 3, 'https://s3-ap-southeast-1.amazonaws.com/highlanderbucket/Product+Images/346_3.png'),
(350, 1, 'https://s3-ap-southeast-1.amazonaws.com/highlanderbucket/Product+Images/346_1.png'),
(350, 2, 'https://s3-ap-southeast-1.amazonaws.com/highlanderbucket/Product+Images/346_2.png'),
(350, 3, 'https://s3-ap-southeast-1.amazonaws.com/highlanderbucket/Product+Images/346_3.png'),
(351, 1, 'https://s3-ap-southeast-1.amazonaws.com/highlanderbucket/Product+Images/346_1.png'),
(351, 2, 'https://s3-ap-southeast-1.amazonaws.com/highlanderbucket/Product+Images/346_2.png'),
(351, 3, 'https://s3-ap-southeast-1.amazonaws.com/highlanderbucket/Product+Images/346_3.png'),
(352, 1, 'https://s3-ap-southeast-1.amazonaws.com/highlanderbucket/Product+Images/352_1.png'),
(352, 2, 'https://s3-ap-southeast-1.amazonaws.com/highlanderbucket/Product+Images/352_2.png'),
(352, 3, 'https://s3-ap-southeast-1.amazonaws.com/highlanderbucket/Product+Images/352_3.png'),
(353, 1, 'https://s3-ap-southeast-1.amazonaws.com/highlanderbucket/Product+Images/352_1.png'),
(353, 2, 'https://s3-ap-southeast-1.amazonaws.com/highlanderbucket/Product+Images/352_2.png'),
(353, 3, 'https://s3-ap-southeast-1.amazonaws.com/highlanderbucket/Product+Images/352_3.png'),
(354, 1, 'https://s3-ap-southeast-1.amazonaws.com/highlanderbucket/Product+Images/352_1.png'),
(354, 2, 'https://s3-ap-southeast-1.amazonaws.com/highlanderbucket/Product+Images/352_2.png'),
(354, 3, 'https://s3-ap-southeast-1.amazonaws.com/highlanderbucket/Product+Images/352_3.png'),
(355, 1, 'https://s3-ap-southeast-1.amazonaws.com/highlanderbucket/Product+Images/352_1.png'),
(355, 2, 'https://s3-ap-southeast-1.amazonaws.com/highlanderbucket/Product+Images/352_2.png'),
(355, 3, 'https://s3-ap-southeast-1.amazonaws.com/highlanderbucket/Product+Images/352_3.png'),
(356, 1, 'https://s3-ap-southeast-1.amazonaws.com/highlanderbucket/Product+Images/352_1.png'),
(356, 2, 'https://s3-ap-southeast-1.amazonaws.com/highlanderbucket/Product+Images/352_2.png'),
(356, 3, 'https://s3-ap-southeast-1.amazonaws.com/highlanderbucket/Product+Images/352_3.png'),
(357, 1, 'https://s3-ap-southeast-1.amazonaws.com/highlanderbucket/Product+Images/352_1.png'),
(357, 2, 'https://s3-ap-southeast-1.amazonaws.com/highlanderbucket/Product+Images/352_2.png'),
(357, 3, 'https://s3-ap-southeast-1.amazonaws.com/highlanderbucket/Product+Images/352_3.png'),
(358, 1, 'https://s3-ap-southeast-1.amazonaws.com/highlanderbucket/Product+Images/358_1.png'),
(358, 2, 'https://s3-ap-southeast-1.amazonaws.com/highlanderbucket/Product+Images/358_2.png'),
(358, 3, 'https://s3-ap-southeast-1.amazonaws.com/highlanderbucket/Product+Images/358_3.png'),
(359, 1, 'https://s3-ap-southeast-1.amazonaws.com/highlanderbucket/Product+Images/358_1.png'),
(359, 2, 'https://s3-ap-southeast-1.amazonaws.com/highlanderbucket/Product+Images/358_2.png'),
(359, 3, 'https://s3-ap-southeast-1.amazonaws.com/highlanderbucket/Product+Images/358_3.png'),
(360, 1, 'https://s3-ap-southeast-1.amazonaws.com/highlanderbucket/Product+Images/358_1.png'),
(360, 2, 'https://s3-ap-southeast-1.amazonaws.com/highlanderbucket/Product+Images/358_2.png'),
(360, 3, 'https://s3-ap-southeast-1.amazonaws.com/highlanderbucket/Product+Images/358_3.png'),
(361, 1, 'https://s3-ap-southeast-1.amazonaws.com/highlanderbucket/Product+Images/358_1.png'),
(361, 2, 'https://s3-ap-southeast-1.amazonaws.com/highlanderbucket/Product+Images/358_2.png'),
(361, 3, 'https://s3-ap-southeast-1.amazonaws.com/highlanderbucket/Product+Images/358_3.png'),
(362, 1, 'https://s3-ap-southeast-1.amazonaws.com/highlanderbucket/Product+Images/358_1.png'),
(362, 2, 'https://s3-ap-southeast-1.amazonaws.com/highlanderbucket/Product+Images/358_2.png'),
(362, 3, 'https://s3-ap-southeast-1.amazonaws.com/highlanderbucket/Product+Images/358_3.png'),
(363, 1, 'https://s3-ap-southeast-1.amazonaws.com/highlanderbucket/Product+Images/358_1.png'),
(363, 2, 'https://s3-ap-southeast-1.amazonaws.com/highlanderbucket/Product+Images/358_2.png'),
(363, 3, 'https://s3-ap-southeast-1.amazonaws.com/highlanderbucket/Product+Images/358_3.png'),
(364, 1, 'https://s3-ap-southeast-1.amazonaws.com/highlanderbucket/Product+Images/364_1.png'),
(364, 2, 'https://s3-ap-southeast-1.amazonaws.com/highlanderbucket/Product+Images/364_2.png'),
(364, 3, 'https://s3-ap-southeast-1.amazonaws.com/highlanderbucket/Product+Images/364_3.png'),
(365, 1, 'https://s3-ap-southeast-1.amazonaws.com/highlanderbucket/Product+Images/364_1.png'),
(365, 2, 'https://s3-ap-southeast-1.amazonaws.com/highlanderbucket/Product+Images/364_2.png'),
(365, 3, 'https://s3-ap-southeast-1.amazonaws.com/highlanderbucket/Product+Images/364_3.png'),
(366, 1, 'https://s3-ap-southeast-1.amazonaws.com/highlanderbucket/Product+Images/364_1.png'),
(366, 2, 'https://s3-ap-southeast-1.amazonaws.com/highlanderbucket/Product+Images/364_2.png'),
(366, 3, 'https://s3-ap-southeast-1.amazonaws.com/highlanderbucket/Product+Images/364_3.png'),
(367, 1, 'https://s3-ap-southeast-1.amazonaws.com/highlanderbucket/Product+Images/364_1.png'),
(367, 2, 'https://s3-ap-southeast-1.amazonaws.com/highlanderbucket/Product+Images/364_2.png'),
(367, 3, 'https://s3-ap-southeast-1.amazonaws.com/highlanderbucket/Product+Images/364_3.png'),
(368, 1, 'https://s3-ap-southeast-1.amazonaws.com/highlanderbucket/Product+Images/364_1.png'),
(368, 2, 'https://s3-ap-southeast-1.amazonaws.com/highlanderbucket/Product+Images/364_2.png'),
(368, 3, 'https://s3-ap-southeast-1.amazonaws.com/highlanderbucket/Product+Images/364_3.png'),
(369, 1, 'https://s3-ap-southeast-1.amazonaws.com/highlanderbucket/Product+Images/364_1.png'),
(369, 2, 'https://s3-ap-southeast-1.amazonaws.com/highlanderbucket/Product+Images/364_2_369_2.png'),
(369, 3, 'https://s3-ap-southeast-1.amazonaws.com/highlanderbucket/Product+Images/364_3.png'),
(370, 1, 'https://s3-ap-southeast-1.amazonaws.com/highlanderbucket/Product+Images/370_1.png'),
(370, 2, 'https://s3-ap-southeast-1.amazonaws.com/highlanderbucket/Product+Images/370_2.png'),
(370, 3, 'https://s3-ap-southeast-1.amazonaws.com/highlanderbucket/Product+Images/370_3.png'),
(371, 1, 'https://s3-ap-southeast-1.amazonaws.com/highlanderbucket/Product+Images/370_1.png'),
(371, 2, 'https://s3-ap-southeast-1.amazonaws.com/highlanderbucket/Product+Images/370_2.png'),
(371, 3, 'https://s3-ap-southeast-1.amazonaws.com/highlanderbucket/Product+Images/370_3.png'),
(372, 1, 'https://s3-ap-southeast-1.amazonaws.com/highlanderbucket/Product+Images/370_1.png'),
(372, 2, 'https://s3-ap-southeast-1.amazonaws.com/highlanderbucket/Product+Images/370_2.png'),
(372, 3, 'https://s3-ap-southeast-1.amazonaws.com/highlanderbucket/Product+Images/370_3.png'),
(373, 1, 'https://s3-ap-southeast-1.amazonaws.com/highlanderbucket/Product+Images/370_1.png'),
(373, 2, 'https://s3-ap-southeast-1.amazonaws.com/highlanderbucket/Product+Images/370_2.png'),
(373, 3, 'https://s3-ap-southeast-1.amazonaws.com/highlanderbucket/Product+Images/370_3.png'),
(374, 1, 'https://s3-ap-southeast-1.amazonaws.com/highlanderbucket/Product+Images/370_1.png'),
(374, 2, 'https://s3-ap-southeast-1.amazonaws.com/highlanderbucket/Product+Images/370_2.png'),
(374, 3, 'https://s3-ap-southeast-1.amazonaws.com/highlanderbucket/Product+Images/370_3.png'),
(375, 1, 'https://s3-ap-southeast-1.amazonaws.com/highlanderbucket/Product+Images/370_1.png'),
(375, 2, 'https://s3-ap-southeast-1.amazonaws.com/highlanderbucket/Product+Images/370_2.png'),
(375, 3, 'https://s3-ap-southeast-1.amazonaws.com/highlanderbucket/Product+Images/370_3.png'),
(376, 1, 'https://s3-ap-southeast-1.amazonaws.com/highlanderbucket/Product+Images/376_1.png'),
(376, 2, 'https://s3-ap-southeast-1.amazonaws.com/highlanderbucket/Product+Images/376_2.png'),
(376, 3, 'https://s3-ap-southeast-1.amazonaws.com/highlanderbucket/Product+Images/376_3.png'),
(377, 1, 'https://s3-ap-southeast-1.amazonaws.com/highlanderbucket/Product+Images/376_1.png'),
(377, 2, 'https://s3-ap-southeast-1.amazonaws.com/highlanderbucket/Product+Images/376_2.png'),
(377, 3, 'https://s3-ap-southeast-1.amazonaws.com/highlanderbucket/Product+Images/376_3.png'),
(378, 1, 'https://s3-ap-southeast-1.amazonaws.com/highlanderbucket/Product+Images/376_1.png'),
(378, 2, 'https://s3-ap-southeast-1.amazonaws.com/highlanderbucket/Product+Images/376_2.png'),
(378, 3, 'https://s3-ap-southeast-1.amazonaws.com/highlanderbucket/Product+Images/376_3.png'),
(379, 1, 'https://s3-ap-southeast-1.amazonaws.com/highlanderbucket/Product+Images/376_1.png'),
(379, 2, 'https://s3-ap-southeast-1.amazonaws.com/highlanderbucket/Product+Images/376_2.png'),
(379, 3, 'https://s3-ap-southeast-1.amazonaws.com/highlanderbucket/Product+Images/376_3.png'),
(380, 1, 'https://s3-ap-southeast-1.amazonaws.com/highlanderbucket/Product+Images/376_1.png'),
(380, 2, 'https://s3-ap-southeast-1.amazonaws.com/highlanderbucket/Product+Images/376_2.png'),
(380, 3, 'https://s3-ap-southeast-1.amazonaws.com/highlanderbucket/Product+Images/376_3.png'),
(381, 1, 'https://s3-ap-southeast-1.amazonaws.com/highlanderbucket/Product+Images/376_1.png'),
(381, 2, 'https://s3-ap-southeast-1.amazonaws.com/highlanderbucket/Product+Images/376_2.png'),
(381, 3, 'https://s3-ap-southeast-1.amazonaws.com/highlanderbucket/Product+Images/376_3.png'),
(382, 1, 'https://s3-ap-southeast-1.amazonaws.com/highlanderbucket/Product+Images/382_1.png'),
(382, 2, 'https://s3-ap-southeast-1.amazonaws.com/highlanderbucket/Product+Images/382_2.png'),
(382, 3, 'https://s3-ap-southeast-1.amazonaws.com/highlanderbucket/Product+Images/382_3.png'),
(383, 1, 'https://s3-ap-southeast-1.amazonaws.com/highlanderbucket/Product+Images/382_1.png'),
(383, 2, 'https://s3-ap-southeast-1.amazonaws.com/highlanderbucket/Product+Images/382_2.png'),
(383, 3, 'https://s3-ap-southeast-1.amazonaws.com/highlanderbucket/Product+Images/382_3.png'),
(384, 1, 'https://s3-ap-southeast-1.amazonaws.com/highlanderbucket/Product+Images/382_1.png'),
(384, 2, 'https://s3-ap-southeast-1.amazonaws.com/highlanderbucket/Product+Images/382_2.png'),
(384, 3, 'https://s3-ap-southeast-1.amazonaws.com/highlanderbucket/Product+Images/382_3.png'),
(385, 1, 'https://s3-ap-southeast-1.amazonaws.com/highlanderbucket/Product+Images/382_1.png'),
(385, 2, 'https://s3-ap-southeast-1.amazonaws.com/highlanderbucket/Product+Images/382_2.png'),
(385, 3, 'https://s3-ap-southeast-1.amazonaws.com/highlanderbucket/Product+Images/382_3.png'),
(386, 1, 'https://s3-ap-southeast-1.amazonaws.com/highlanderbucket/Product+Images/382_1.png'),
(386, 2, 'https://s3-ap-southeast-1.amazonaws.com/highlanderbucket/Product+Images/382_2.png'),
(386, 3, 'https://s3-ap-southeast-1.amazonaws.com/highlanderbucket/Product+Images/382_3.png'),
(387, 1, 'https://s3-ap-southeast-1.amazonaws.com/highlanderbucket/Product+Images/382_1.png'),
(387, 2, 'https://s3-ap-southeast-1.amazonaws.com/highlanderbucket/Product+Images/382_2.png'),
(387, 3, 'https://s3-ap-southeast-1.amazonaws.com/highlanderbucket/Product+Images/382_3.png'),
(388, 1, 'https://s3-ap-southeast-1.amazonaws.com/highlanderbucket/Product+Images/388_1.png');
INSERT INTO `product_image` (`PRODUCT_ID`, `IMAGE_ID`, `IMAGE_URL`) VALUES
(388, 2, 'https://s3-ap-southeast-1.amazonaws.com/highlanderbucket/Product+Images/388_2.png'),
(388, 3, 'https://s3-ap-southeast-1.amazonaws.com/highlanderbucket/Product+Images/388_3.png'),
(389, 1, 'https://s3-ap-southeast-1.amazonaws.com/highlanderbucket/Product+Images/388_1.png'),
(389, 2, 'https://s3-ap-southeast-1.amazonaws.com/highlanderbucket/Product+Images/388_2.png'),
(389, 3, 'https://s3-ap-southeast-1.amazonaws.com/highlanderbucket/Product+Images/388_3.png'),
(390, 1, 'https://s3-ap-southeast-1.amazonaws.com/highlanderbucket/Product+Images/388_1.png'),
(390, 2, 'https://s3-ap-southeast-1.amazonaws.com/highlanderbucket/Product+Images/388_2.png'),
(390, 3, 'https://s3-ap-southeast-1.amazonaws.com/highlanderbucket/Product+Images/388_3.png'),
(391, 1, 'https://s3-ap-southeast-1.amazonaws.com/highlanderbucket/Product+Images/388_1.png'),
(391, 2, 'https://s3-ap-southeast-1.amazonaws.com/highlanderbucket/Product+Images/388_2.png'),
(391, 3, 'https://s3-ap-southeast-1.amazonaws.com/highlanderbucket/Product+Images/388_3.png'),
(392, 1, 'https://s3-ap-southeast-1.amazonaws.com/highlanderbucket/Product+Images/388_1.png'),
(392, 2, 'https://s3-ap-southeast-1.amazonaws.com/highlanderbucket/Product+Images/388_2.png'),
(392, 3, 'https://s3-ap-southeast-1.amazonaws.com/highlanderbucket/Product+Images/388_3.png'),
(393, 1, 'https://s3-ap-southeast-1.amazonaws.com/highlanderbucket/Product+Images/388_1.png'),
(393, 2, 'https://s3-ap-southeast-1.amazonaws.com/highlanderbucket/Product+Images/388_2.png'),
(393, 3, 'https://s3-ap-southeast-1.amazonaws.com/highlanderbucket/Product+Images/388_3.png'),
(394, 1, 'https://s3-ap-southeast-1.amazonaws.com/highlanderbucket/Product+Images/394_1.png'),
(394, 2, 'https://s3-ap-southeast-1.amazonaws.com/highlanderbucket/Product+Images/394_2.png'),
(394, 3, 'https://s3-ap-southeast-1.amazonaws.com/highlanderbucket/Product+Images/394_3.png'),
(395, 1, 'https://s3-ap-southeast-1.amazonaws.com/highlanderbucket/Product+Images/394_1.png'),
(395, 2, 'https://s3-ap-southeast-1.amazonaws.com/highlanderbucket/Product+Images/394_2.png'),
(395, 3, 'https://s3-ap-southeast-1.amazonaws.com/highlanderbucket/Product+Images/394_3.png'),
(396, 1, 'https://s3-ap-southeast-1.amazonaws.com/highlanderbucket/Product+Images/394_1.png'),
(396, 2, 'https://s3-ap-southeast-1.amazonaws.com/highlanderbucket/Product+Images/394_2.png'),
(396, 3, 'https://s3-ap-southeast-1.amazonaws.com/highlanderbucket/Product+Images/394_3.png'),
(397, 1, 'https://s3-ap-southeast-1.amazonaws.com/highlanderbucket/Product+Images/394_1.png'),
(397, 2, 'https://s3-ap-southeast-1.amazonaws.com/highlanderbucket/Product+Images/394_2.png'),
(397, 3, 'https://s3-ap-southeast-1.amazonaws.com/highlanderbucket/Product+Images/394_3.png'),
(398, 1, 'https://s3-ap-southeast-1.amazonaws.com/highlanderbucket/Product+Images/394_1.png'),
(398, 2, 'https://s3-ap-southeast-1.amazonaws.com/highlanderbucket/Product+Images/394_2.png'),
(398, 3, 'https://s3-ap-southeast-1.amazonaws.com/highlanderbucket/Product+Images/394_3.png'),
(399, 1, 'https://s3-ap-southeast-1.amazonaws.com/highlanderbucket/Product+Images/394_1.png'),
(399, 2, 'https://s3-ap-southeast-1.amazonaws.com/highlanderbucket/Product+Images/394_2.png'),
(399, 3, 'https://s3-ap-southeast-1.amazonaws.com/highlanderbucket/Product+Images/394_3.png'),
(400, 1, 'https://s3-ap-southeast-1.amazonaws.com/highlanderbucket/Product+Images/400_1.png'),
(400, 2, 'https://s3-ap-southeast-1.amazonaws.com/highlanderbucket/Product+Images/400_2.png'),
(400, 3, 'https://s3-ap-southeast-1.amazonaws.com/highlanderbucket/Product+Images/400_3.png'),
(401, 1, 'https://s3-ap-southeast-1.amazonaws.com/highlanderbucket/Product+Images/400_1.png'),
(401, 2, 'https://s3-ap-southeast-1.amazonaws.com/highlanderbucket/Product+Images/400_2.png'),
(401, 3, 'https://s3-ap-southeast-1.amazonaws.com/highlanderbucket/Product+Images/400_3.png'),
(402, 1, 'https://s3-ap-southeast-1.amazonaws.com/highlanderbucket/Product+Images/400_1.png'),
(402, 2, 'https://s3-ap-southeast-1.amazonaws.com/highlanderbucket/Product+Images/400_2.png'),
(402, 3, 'https://s3-ap-southeast-1.amazonaws.com/highlanderbucket/Product+Images/400_3.png'),
(403, 1, 'https://s3-ap-southeast-1.amazonaws.com/highlanderbucket/Product+Images/400_1.png'),
(403, 2, 'https://s3-ap-southeast-1.amazonaws.com/highlanderbucket/Product+Images/400_2.png'),
(403, 3, 'https://s3-ap-southeast-1.amazonaws.com/highlanderbucket/Product+Images/400_3.png'),
(404, 1, 'https://s3-ap-southeast-1.amazonaws.com/highlanderbucket/Product+Images/400_1.png'),
(404, 2, 'https://s3-ap-southeast-1.amazonaws.com/highlanderbucket/Product+Images/400_2.png'),
(404, 3, 'https://s3-ap-southeast-1.amazonaws.com/highlanderbucket/Product+Images/400_3.png'),
(405, 1, 'https://s3-ap-southeast-1.amazonaws.com/highlanderbucket/Product+Images/400_1.png'),
(405, 2, 'https://s3-ap-southeast-1.amazonaws.com/highlanderbucket/Product+Images/400_2.png'),
(405, 3, 'https://s3-ap-southeast-1.amazonaws.com/highlanderbucket/Product+Images/400_3.png'),
(406, 1, 'https://s3-ap-southeast-1.amazonaws.com/highlanderbucket/Product+Images/406_1.png'),
(406, 2, 'https://s3-ap-southeast-1.amazonaws.com/highlanderbucket/Product+Images/406_2.png'),
(406, 3, 'https://s3-ap-southeast-1.amazonaws.com/highlanderbucket/Product+Images/406_3.png'),
(407, 1, 'https://s3-ap-southeast-1.amazonaws.com/highlanderbucket/Product+Images/406_1.png'),
(407, 2, 'https://s3-ap-southeast-1.amazonaws.com/highlanderbucket/Product+Images/406_2.png'),
(407, 3, 'https://s3-ap-southeast-1.amazonaws.com/highlanderbucket/Product+Images/406_3.png'),
(408, 1, 'https://s3-ap-southeast-1.amazonaws.com/highlanderbucket/Product+Images/406_1.png'),
(408, 2, 'https://s3-ap-southeast-1.amazonaws.com/highlanderbucket/Product+Images/406_2.png'),
(408, 3, 'https://s3-ap-southeast-1.amazonaws.com/highlanderbucket/Product+Images/406_3.png'),
(409, 1, 'https://s3-ap-southeast-1.amazonaws.com/highlanderbucket/Product+Images/406_1.png'),
(409, 2, 'https://s3-ap-southeast-1.amazonaws.com/highlanderbucket/Product+Images/406_2.png'),
(409, 3, 'https://s3-ap-southeast-1.amazonaws.com/highlanderbucket/Product+Images/406_3.png'),
(410, 1, 'https://s3-ap-southeast-1.amazonaws.com/highlanderbucket/Product+Images/406_1.png'),
(410, 2, 'https://s3-ap-southeast-1.amazonaws.com/highlanderbucket/Product+Images/406_2.png'),
(410, 3, 'https://s3-ap-southeast-1.amazonaws.com/highlanderbucket/Product+Images/406_3.png'),
(411, 1, 'https://s3-ap-southeast-1.amazonaws.com/highlanderbucket/Product+Images/406_1.png'),
(411, 2, 'https://s3-ap-southeast-1.amazonaws.com/highlanderbucket/Product+Images/406_2.png'),
(411, 3, 'https://s3-ap-southeast-1.amazonaws.com/highlanderbucket/Product+Images/406_3.png'),
(412, 1, 'https://s3-ap-southeast-1.amazonaws.com/highlanderbucket/Product+Images/412_1.png'),
(412, 2, 'https://s3-ap-southeast-1.amazonaws.com/highlanderbucket/Product+Images/412_2.png'),
(412, 3, 'https://s3-ap-southeast-1.amazonaws.com/highlanderbucket/Product+Images/412_3.png'),
(413, 1, 'https://s3-ap-southeast-1.amazonaws.com/highlanderbucket/Product+Images/412_1.png'),
(413, 2, 'https://s3-ap-southeast-1.amazonaws.com/highlanderbucket/Product+Images/412_2.png'),
(413, 3, 'https://s3-ap-southeast-1.amazonaws.com/highlanderbucket/Product+Images/412_3.png'),
(414, 1, 'https://s3-ap-southeast-1.amazonaws.com/highlanderbucket/Product+Images/412_1.png'),
(414, 2, 'https://s3-ap-southeast-1.amazonaws.com/highlanderbucket/Product+Images/412_2.png'),
(414, 3, 'https://s3-ap-southeast-1.amazonaws.com/highlanderbucket/Product+Images/412_3.png'),
(415, 1, 'https://s3-ap-southeast-1.amazonaws.com/highlanderbucket/Product+Images/412_1.png'),
(415, 2, 'https://s3-ap-southeast-1.amazonaws.com/highlanderbucket/Product+Images/412_2.png'),
(415, 3, 'https://s3-ap-southeast-1.amazonaws.com/highlanderbucket/Product+Images/412_3.png'),
(416, 1, 'https://s3-ap-southeast-1.amazonaws.com/highlanderbucket/Product+Images/412_1.png'),
(416, 2, 'https://s3-ap-southeast-1.amazonaws.com/highlanderbucket/Product+Images/412_2.png'),
(416, 3, 'https://s3-ap-southeast-1.amazonaws.com/highlanderbucket/Product+Images/412_3.png'),
(417, 1, 'https://s3-ap-southeast-1.amazonaws.com/highlanderbucket/Product+Images/412_1.png'),
(417, 2, 'https://s3-ap-southeast-1.amazonaws.com/highlanderbucket/Product+Images/412_2.png'),
(417, 3, 'https://s3-ap-southeast-1.amazonaws.com/highlanderbucket/Product+Images/412_3.png');


INSERT INTO `lamp` (`PRODUCT_ID`, `LAMP_TYPE`, `LAMP_PRICE`) VALUES
(1, 'Table Lamp', 500),
(5, 'Table Lamp', 500),
(8, 'Table Lamp', 500),
(12, 'Table Lamp', 500);

INSERT INTO `customer_order` (`ORDER_ID`, `ORDER_DATE`, `NET_AMT`, `PROMO_DISC_AMT`, `RECIPIENT_NAME`, `PHONE_NO`, `ADDRESS_LINE`, `CITY`, `COUNTRY`, `POSTAL_CODE`, `STRIPE_CHARGE_ID`, `EMAIL`, `PROMO_CODE_ID`, `COURIER_NAME`, `ORDER_TRACKING_NO`) VALUES
(1, '2017-10-10 07:00:18', 1000, 0, 'YUXUAN', '91223223', '54A Zion Road', 'Singapore', 'Singapore', '247780', 'RFEWGORGKR3423420DDD', 'customer@gmail.com', 1, 'Shun Feng', 'shunfeng123223'),
(2, '2017-10-11 08:42:18', 900, 0, 'Human', '91233223', '54n Road', 'Singapore', 'Singapore', '247780', 'RFEWGOR222223420DDD', 'customer@gmail.com', 1, 'Shun Feng', 'dhl383'),
(3, '2017-10-11 13:43:34', 1480, 0, 'Hui Yan', '91234230', '134 Highlander Ave 3', 'Singapore', 'Singapore', '536748', 'ch_1BBkUjErLJBVVJLU5A9qyiMR', 'customer@gmail.com', 0, NULL, NULL),
(4, '2017-10-11 13:47:38', 1160, 0, 'Tan Yan', '91214230', '134 Road Ave 3', 'Singapore', 'Singapore', '126748', 'ch_1BBkYgErLJBVVJLUFz4a6b3t', 'customer2@gmail.com', 0, NULL, NULL),
(5, '2017-10-11 13:48:35', 1220, 0, 'Tan Yan', '91214230', '134 Road Ave 3', 'Singapore', 'Singapore', '126748', 'ch_1BBkZbErLJBVVJLU3jW3Z0ve', 'customer2@gmail.com', 0, NULL, NULL),
(6, '2017-10-11 13:50:36', 2960, 0, 'Tan Yan', '91214230', '134 Road Ave 3', 'Singapore', 'Singapore', '126748', 'ch_1BBkbXErLJBVVJLUcpzNFUWp', 'customer2@gmail.com', 0, NULL, NULL),
(7, '2017-10-11 13:51:34', 2670, 0, 'Ming Yan', '82114230', '134 Ubi Ave 3', 'Singapore', 'Singapore', '426748', 'ch_1BBkcTErLJBVVJLUFxqeA4ND', 'customer3@gmail.com', 0, NULL, NULL),
(8, '2017-10-11 13:52:33', 1290, 0, 'Ming Yan', '82114230', '134 Ubi Ave 3', 'Singapore', 'Singapore', '426748', 'ch_1BBkdQErLJBVVJLUFTDQ18EO', 'customer3@gmail.com', 0, NULL, NULL),
(9, '2017-10-11 13:53:33', 980, 0, 'Ming Yan', '82114230', '134 Ubi Ave 3', 'Singapore', 'Singapore', '426748', 'ch_1BBkePErLJBVVJLU2vFZ6cvq', 'customer3@gmail.com', 0, NULL, NULL);

INSERT INTO `order_item` (`ORDER_ID`, `PRODUCT_ID`, `QUANTITY`, `UNIT_PRICE`, `ITEM_STATUS`) VALUES
(1, 3, 1, 200, 'COMPLETE'),
(1, 6, 1, 500, 'COMPLETE'),
(1, 7, 1, 300, 'COMPLETE'),
(2, 11, 1, 900, 'INCOMPLETE'),
(3, 3, 1, 430, 'INCOMPLETE'),
(3, 11, 1, 1050, 'INCOMPLETE'),
(4, 4, 1, 420, 'INCOMPLETE'),
(4, 5, 1, 740, 'INCOMPLETE'),
(5, 5, 1, 740, 'INCOMPLETE'),
(5, 12, 1, 480, 'INCOMPLETE'),
(6, 5, 4, 740, 'INCOMPLETE'),
(7, 2, 1, 570, 'INCOMPLETE'),
(7, 11, 2, 1050, 'INCOMPLETE'),
(8, 1, 1, 550, 'INCOMPLETE'),
(8, 5, 1, 740, 'INCOMPLETE'),
(9, 1, 1, 550, 'INCOMPLETE'),
(9, 3, 1, 430, 'INCOMPLETE');


INSERT INTO `order_status_log` (`ORDER_ID`, `STATUS_ID`, `START_TIMESTAMP`, `END_TIMESTAMP`, `DURATION_HOURS`) VALUES
(1, 1, '2017-10-09 07:00:18', '2017-10-11 09:00:21', 0),
(1, 2, '2017-10-11 09:00:21', '2017-10-11 09:26:09', 0),
(1, 3, '2017-10-11 09:26:09', NULL, 0),
(2, 1, '2017-10-11 08:42:18', NULL, 0),
(3, 1, '2017-10-11 13:43:34', NULL, 0),
(4, 1, '2017-10-11 13:47:38', NULL, 0),
(5, 1, '2017-10-11 13:48:35', NULL, 0),
(6, 1, '2017-10-11 13:50:36', NULL, 0),
(7, 1, '2017-10-11 13:51:34', NULL, 0),
(8, 1, '2017-10-11 13:52:33', NULL, 0),
(9, 1, '2017-10-11 13:53:33', NULL, 0);

INSERT INTO `user_preferences` (`user_id`, `product_id`, `preference`) VALUES
(0, 0, 72),
(0, 1, 71),
(0, 3, 60),
(0, 4, 3),
(1, 1, 5),
(1, 3, 5),
(1, 4, 5),
(1, 5, 2),
(1, 6, 5),
(1, 7, 5),
(1, 8, 2),
(1, 9, 5),
(1, 10, 3),
(1, 11, 2),
(2, 0, 3),
(2, 1, 3),
(2, 4, 2),
(2, 7, 1),
(2, 8, 1),
(3, 1, 3),
(3, 2, 3),
(3, 3, 4),
(3, 5, 3),
(3, 8, 1),
(4, 0, 3),
(4, 1, 10),
(4, 2, 3),
(4, 3, 10),
(4, 4, 10),
(4, 5, 10),
(4, 6, 5),
(4, 7, 5),
(4, 9, 5),
(4, 10, 10),
(4, 11, 1),
(4, 12, 10),
(5, 1, 3),
(5, 2, 5),
(5, 6, 1),
(5, 7, 1),
(6, 1, 1),
(6, 2, 2),
(6, 3, 3),
(6, 4, 5),
(6, 7, 1),
(6, 9, 3),
(6, 10, 1),
(7, 1, 2),
(7, 7, 1),
(7, 9, 3),
(7, 10, 5),
(8, 0, 1),
(8, 1, 1),
(8, 5, 3),
(8, 6, 3),
(8, 7, 5),
(8, 8, 1),
(9, 0, 2),
(9, 1, 1),
(9, 4, 5),
(9, 6, 1),
(9, 7, 1),
(9, 8, 5),
(9, 9, 3),
(10, 0, 2),
(10, 1, 3),
(10, 2, 1),
(10, 4, 2),
(10, 6, 3),
(11, 1, 2),
(11, 2, 2),
(11, 4, 1),
(11, 5, 3),
(11, 7, 5),
(12, 0, 1),
(12, 2, 2),
(12, 3, 5),
(12, 7, 2),
(12, 8, 2),
(12, 10, 3),
(13, 1, 2),
(13, 2, 3),
(13, 3, 3),
(13, 5, 1),
(13, 7, 5),
(13, 8, 2),
(14, 2, 2),
(14, 5, 3),
(14, 6, 1),
(14, 7, 1),
(14, 8, 4),
(15, 4, 5),
(15, 5, 1),
(15, 7, 5),
(15, 8, 1),
(15, 9, 3),
(15, 10, 4),
(16, 1, 5),
(16, 2, 5),
(16, 5, 3),
(16, 7, 3),
(16, 10, 3),
(17, 0, 1),
(17, 1, 2),
(17, 2, 1),
(17, 4, 3),
(17, 5, 2),
(17, 8, 2),
(18, 1, 1),
(18, 2, 1),
(18, 5, 3),
(18, 7, 4),
(18, 8, 2),
(18, 10, 3),
(19, 0, 1),
(19, 1, 3),
(19, 5, 1),
(19, 7, 5),
(20, 5, 5),
(20, 6, 1),
(20, 8, 2),
(20, 9, 4),
(21, 3, 10),
(21, 4, 5),
(21, 5, 4),
(21, 12, 3),
(22, 11, 1),
(23, 10, 2),
(24, 4, 5),
(24, 5, 10),
(24, 8, 2),
(24, 9, 5),
(24, 10, 3),
(25, 6, 4),
(25, 10, 1),
(25, 11, 10),
(26, 3, 5),
(26, 4, 4),
(26, 5, 4),
(26, 11, 5),
(27, 1, 10),
(27, 2, 2),
(27, 3, 3),
(27, 4, 5),
(28, 9, 2),
(28, 10, 1),
(28, 11, 5),
(28, 12, 3),
(29, 1, 5),
(29, 2, 10),
(29, 3, 2),
(29, 4, 3),
(29, 5, 4),
(30, 4, 3),
(30, 5, 4),
(30, 6, 5),
(30, 7, 5),
(30, 8, 5),
(30, 9, 5),
(30, 10, 10),
(31, 1, 5),
(31, 2, 2),
(31, 3, 1),
(31, 4, 1),
(31, 5, 1),
(31, 8, 10),
(31, 10, 1),
(32, 2, 4),
(32, 3, 2),
(32, 4, 10),
(32, 5, 5),
(33, 6, 4),
(33, 7, 2),
(34, 2, 4),
(34, 8, 1),
(34, 10, 3),
(35, 4, 5),
(35, 6, 5),
(35, 7, 5),
(35, 8, 5),
(35, 9, 10),
(35, 11, 2),
(36, 2, 10),
(36, 3, 10),
(36, 8, 10),
(36, 9, 10),
(36, 10, 5),
(37, 1, 2),
(37, 2, 2),
(37, 3, 5),
(37, 4, 3),
(37, 5, 4),
(38, 6, 5),
(39, 3, 5),
(39, 7, 5),
(39, 9, 5),
(40, 1, 2),
(40, 2, 4),
(40, 3, 3),
(40, 8, 10);