
INSERT INTO `customer` (`EMAIL`, `FIRST_NAME`, `LAST_NAME`, `PHONE_NO`, `PASSWORD`, `VERIFIED`) VALUES
('abc@joe.com', 'fkjsdhf', 'fjkhjsdf', '1212425', '8cb2237d0679ca88db6464eac60da96345513964', 'c97762d424592b4723acc6e14f3263d76a76e5680dc697accab81527c313a649'),
('Amandaptlj@hotmail.com', 'Amanda ', 'Tan', '96439419', 'e86a236f76d425fe809f8f7d818d63e70c2e726b', 'Y'),
('bloopbloopwhale@gmail.com', 'Wayne', 'He', '98709879', '7110eda4d09e062aa5e4a390b0a572ac0d2c0220', 'Y'),
('bongjunhao@gmail.com', 'Jun Hao', 'Bong', '97319019', '82379017a05706e4f8b0ea9a4f000825675b4a65', 'Y'),
('brendoa.2015@sis.smu.edu.sg', 'Brendo', 'Austin', '82086044', '3978d009748ef54ad6ef7bf851bd55491b1fe6bb', 'Y'),
('clara.yeo@gmail.com', 'Clara', 'Yeo', '98090876', '7110eda4d09e062aa5e4a390b0a572ac0d2c0220', 'Y'),
('customer2@gmail.com', 'Tan', 'Chen', '+6585823165', '7110eda4d09e062aa5e4a390b0a572ac0d2c0220', 'Y'),
('customer3@gmail.com', 'Ming', 'Chen', '+6581123165', '7110eda4d09e062aa5e4a390b0a572ac0d2c0220', 'Y'),
('customer@gmail.com', 'Huiyan', 'Chen', '+6585882165', '7110eda4d09e062aa5e4a390b0a572ac0d2c0220', 'Y'),
('fionayyyy@hotmail.com', 'Fiona', 'Yeo', '90907865', '7110eda4d09e062aa5e4a390b0a572ac0d2c0220', 'Y'),
('flappybird@gmail.com', 'Junhui', 'Tan', '98709086', '7110eda4d09e062aa5e4a390b0a572ac0d2c0220', 'Y'),
('hds@live.com', 'Hei', 'Dian Siao', '89674343', '7110eda4d09e062aa5e4a390b0a572ac0d2c0220', 'Y'),
('heyvictoria@gmail.com', 'Victoria', 'Li', '98787865', '7110eda4d09e062aa5e4a390b0a572ac0d2c0220', 'Y'),
('hggrahj@gmail.com', 'Raj', 'Simon', '98457634', '7110eda4d09e062aa5e4a390b0a572ac0d2c0220', 'Y'),
('hohojason@gmail.com', 'Jason', 'Ho', '98563412', '7110eda4d09e062aa5e4a390b0a572ac0d2c0220', 'Y'),
('hygh@gmail.com', 'Hanessa', 'Yeo', '98780987', '7110eda4d09e062aa5e4a390b0a572ac0d2c0220', 'Y'),
('its.clarissa@gmail.com', 'clarissa', 'poedjiono', '87171896', '7110eda4d09e062aa5e4a390b0a572ac0d2c0220', 'Y'),
('john@gmail.com', 'John', 'Cheng', '91234567', '7110eda4d09e062aa5e4a390b0a572ac0d2c0220', 'Y'),
('kght@hotmail.com', 'Kin', 'Goh', '90714320', '7110eda4d09e062aa5e4a390b0a572ac0d2c0220', 'Y'),
('li.kang.yew@gmail.com', 'Kang Yew', 'Li', '90709879', '7110eda4d09e062aa5e4a390b0a572ac0d2c0220', 'Y'),
('meow.kelvin@gmail.com', 'Kelvin', 'Lim', '98674523', '7110eda4d09e062aa5e4a390b0a572ac0d2c0220', 'Y'),
('penguinforlife@gmail.com', 'Janice', 'Chew', '87643423', '7110eda4d09e062aa5e4a390b0a572ac0d2c0220', 'Y'),
('rachael9011@gmail.com', 'Rach', 'Low', '93334432', 'b1b3773a05c0ed0176787a4f1574ff0075f7521e', 'Y'),
('raj.s.i@hotmail.com', 'Raj', 'Jason', '90798976', '7110eda4d09e062aa5e4a390b0a572ac0d2c0220', 'Y'),
('ryvenny.witarsa@yahoo.com', 'Ryvenny Putri', 'Witarsa', '84398595', '7ce0359f12857f2a90c7de465f40a95f01cb5da9', 'Y'),
('samcheng@gmail.com', 'Sam', 'Cheng', '98790909', '7110eda4d09e062aa5e4a390b0a572ac0d2c0220', 'Y'),
('scme-9595@hotmail.com', 'Sheryl', 'Chong', '7398273123', '7110eda4d09e062aa5e4a390b0a572ac0d2c0220', 'Y'),
('scme9595@gmail.com', 'Sheryl', 'Chong', '21312312', '7110eda4d09e062aa5e4a390b0a572ac0d2c0220', 'Y'),
('sharky.yeo.tg@gmail.com', 'Shaun', 'Yeo', '98675421', '7110eda4d09e062aa5e4a390b0a572ac0d2c0220', 'Y'),
('shawnteeyuxuan@gmail.com', 'Yu Xuan', 'Tee', '82285394', '7c222fb2927d828af22f592134e8932480637c0d', 'Y'),
('takoyaki@gmail.com', 'Yumi', 'San', '90764532', '7110eda4d09e062aa5e4a390b0a572ac0d2c0220', 'Y'),
('tantan@gmail.com', 'Tan', 'Tan', '98076098', '7110eda4d09e062aa5e4a390b0a572ac0d2c0220', 'Y'),
('tanyy@gmail.com', 'Tan', 'YanYan', '90873454', '7110eda4d09e062aa5e4a390b0a572ac0d2c0220', 'Y'),
('tracy_tan@gmail.com', 'Tracy', 'Tan', '98458689', '7110eda4d09e062aa5e4a390b0a572ac0d2c0220', 'Y'),
('tstan.2016@sis.smu.edu.sg', 'Tanrio', 'S.J', '85900569', 'b79cd26217276f6eb04731bb54be845a0a1d7094', 'Y'),
('vanessa.goh.2015@sis.smu.edu.sg', 'Vanessa', 'Goh', '83339545', '49efef5f70d47adc2db2eb397fbef5f7bc560e29', 'Y'),
('weikiat.poh.2015@sis.smu.edu.sg', 'Wei Kiat', 'Poh', '90604399', 'bd5e5eb049f3907175f54f5a571ba6b9fdea36ab', 'Y'),
('x.s.x@hotmail.com', 'Xu', 'Si Xuan', '87563412', '7110eda4d09e062aa5e4a390b0a572ac0d2c0220', 'Y'),
('yenna.tang.2015@smu.edu.sg', 'Tang', 'Yenna', '96181527', '5fa339bbbb1eeaced3b52e54f44576aaf0d77d96', 'Y'),
('youseeme@gmail.com', 'Grey', 'Chow', '98789089', '7110eda4d09e062aa5e4a390b0a572ac0d2c0220', 'Y'),
('yunheng.wu.2015@sis.smu.edu.sg', 'Yunheng', 'Wu', '98792826', '7587134f1abfb075165f966742f4d631031b750e', 'Y');



INSERT INTO `customer_map` (`CUSTID`,`EMAIL`) VALUES
(1, 'customer@gmail.com'),
(2, 'customer2@gmail.com'),
(3, 'customer3@gmail.com'),
(4, 'scme9595@gmail.com'),
(5, 'scme-9595@hotmail.com'),
(6, 'its.clarissa@gmail.com'),
(7, 'rachael9011@gmail.com'),
(8, 'yunheng.wu.2015@sis.smu.edu.sg'),
(9, 'bongjunhao@gmail.com'),
(10, 'vanessa.goh.2015@sis.smu.edu.sg'),
(11, 'weikiat.poh.2015@sis.smu.edu.sg'),
(12, 'tstan.2016@sis.smu.edu.sg'),
(13, 'ryvenny.witarsa@yahoo.com'),
(14, 'brendoa.2015@sis.smu.edu.sg'),
(15, 'yenna.tang.2015@smu.edu.sg'),
(16, 'shawnteeyuxuan@gmail.com'),
(17, 'Amandaptlj@hotmail.com'),
(18, 'abc@joe.com'),
(19, 'john@gmail.com'),
(20, 'tanyy@gmail.com'),
(21, 'samcheng@gmail.com'),
(22, 'x.s.x@hotmail.com'),
(23, 'hds@live.com'),
(24, 'hggrahj@gmail.com'),
(25, 'fionayyyy@hotmail.com'),
(26, 'tantan@gmail.com'),
(27, 'hohojason@gmail.com'),
(28, 'flappybird@gmail.com'),
(29, 'takoyaki@gmail.com'),
(30, 'meow.kelvin@gmail.com'),
(31, 'kght@hotmail.com'),
(32, 'bloopbloopwhale@gmail.com'),
(33, 'sharky.yeo.tg@gmail.com'),
(34, 'li.kang.yew@gmail.com'),
(35, 'heyvictoria@gmail.com'),
(36, 'clara.yeo@gmail.com'),
(37, 'hygh@gmail.com'),
(38, 'tracy_tan@gmail.com'),
(39, 'youseeme@gmail.com'),
(40, 'penguinforlife@gmail.com');

INSERT INTO staff_role (ROLE_ID, ROLE_NAME) VALUES
(1, 'Manager'),
(2, 'Factory QC'),
(3, 'Factory Staff');

INSERT INTO staff (EMAIL, FIRST_NAME, LAST_NAME, PHONE_NO, PASSWORD, ROLE_ID) VALUES
('manager@highlanderdeluxe.com', 'Ming', 'Xia', '97565500', 'superuser1234', 1),
('factoryQC1@highlanderdeluxe.com', 'Tim', 'Lee', '12342034', 'qc1234', 2),
('factoryQC2@highlanderdeluxe.com', 'Keith', 'Yeo', '12342034', 'qc1234', 2),
('factoryStaff1@highlanderdeluxe.com', 'Joyce', 'Toh', '12342034', 'staff1234', 3),
('factoryStaff2@highlanderdeluxe.com', 'John', 'Lee', '12342034', 'staff1234', 3),
('factoryStaff3@highlanderdeluxe.com', 'Timothy', 'Lee', '12342034', 'staff1234', 3);



INSERT INTO `courier` (`COURIER_NAME`, `TRACKING_URL`) VALUES
('DHL', 'http://www.dhl.com.sg/en/express/tracking.html'),
('Shun Feng', 'http://www.sf-express.com/sg/en/dynamic_functions/waybill/');


INSERT INTO `customer_address` (`ADDRESS_ID`, `EMAIL`, `RECIPIENT_NAME`, `PHONE_NO`, `ADDRESS_LINE`, `CITY`, `COUNTRY`, `POSTAL_CODE`, `ISDEFAULT`) VALUES
(1, 'abc@joe.com', 'fkjsdhf', '1212425', 'sdfsdm,fn', '234dsf', 'Guam', '12345', 'Y'),
(1, 'Amandaptlj@hotmail.com', 'Amanda ', '96439419', '271 Choa Chu Kang Ave 2', 'Singapore', 'Singapore', '680271', 'Y'),
(1, 'bloopbloopwhale@gmail.com', 'Wayne', '90604399', 'BLK208B Punggol Place #05-922', 'Singapore', 'Singapore', '822208', 'Y'),
(1, 'bongjunhao@gmail.com', 'Jun Hao', '97319019', 'Blk 407 Choa Chu Kang Ave 3 #13-293 ', 'Singapore', 'Singapore', '680407', 'Y'),
(1, 'brendoa.2015@sis.smu.edu.sg', 'Brendo', '82086044', '28 Jalan Datoh #26-09', 'Singapore', 'Singapore', '329426', 'Y'),
(1, 'clara.yeo@gmail.com', 'Clara', '82285394', '55A ZION ROAD', 'Singapore', 'Singapore', '247780', 'Y'),
(1, 'customer2@gmail.com', 'Tan Yan', '91214230', '134 Road Ave 3', 'Singapore', 'Singapore', '126748', 'Y'),
(1, 'customer3@gmail.com', 'Ming Yan', '82114230', '134 Ubi Ave 3', 'Singapore', 'Singapore', '426748', 'Y'),
(1, 'customer@gmail.com', 'Hui Yan', '91234230', '134 Highlander Ave 3', 'Singapore', 'Singapore', '536748', 'Y'),
(1, 'fionayyyy@hotmail.com', 'Fiona', '93334432', 'Hougang 1234', 'Singapore', 'Singapore', '543225', 'Y'),
(1, 'flappybird@gmail.com', 'Junhui', '21312312', '81 Victoria St, Singapore 188065', 'Singapore', 'Singapore', '188065', 'Y'),
(1, 'hds@live.com', 'Hei', '82114230', '134 Ubi Ave 3', 'Singapore', 'Singapore', '426748', 'Y'),
(1, 'heyvictoria@gmail.com', 'Victoria', '21312312', '81 Victoria St, Singapore 188065', 'Singapore', 'Singapore', '188065', 'Y'),
(1, 'hggrahj@gmail.com', 'Raj', '91234230', '134 Highlander Ave 3', 'Singapore', 'Singapore', '536748', 'Y'),
(1, 'hohojason@gmail.com', 'Jason', '7398273123', '81 Victoria St, Singapore 188065', 'Singapore', 'Singapore', '188065', 'Y'),
(1, 'hygh@gmail.com', 'Hanessa', '85900569', 'Jurong West St.93 Blk.989A #09-717', 'Tanjungpinang', 'Indonesia', '641989', 'Y'),
(1, 'its.clarissa@gmail.com', 'clarissa', '87171896', 'taman ratu indah blok aa 2 no 9', 'jakarta', 'Indonesia', '11520', 'Y'),
(1, 'john@gmail.com', 'John', '96439419', '271 Choa Chu Kang Ave 2', 'Singapore', 'Singapore', '680271', 'Y'),
(1, 'kght@hotmail.com', 'Kin', '83339545', 'Blk 467 Ang Mo Kio Ave 10 #11-1002', 'Singapore', 'Singapore', '560467', 'Y'),
(1, 'li.kang.yew@gmail.com', 'Li', '98792826', 'Tampines St. 21, Blk 268 #11-245', 'Singapore', 'Singapore', '520268', 'Y'),
(1, 'meow.kelvin@gmail.com', 'Kelvin', '85900569', 'Jurong West St.93 Blk.989A #09-717', 'Tanjungpinang', 'Indonesia', '641989', 'Y'),
(1, 'penguinforlife@gmail.com ', 'Janice', '96181527', 'Toa Payoh ', 'Singapore', 'Singapore', '311082', 'Y'),
(1, 'rachael9011@gmail.com', 'Rach', '93334432', 'Hougang 1234', 'Singapore', 'Singapore', '543225', 'Y'),
(1, 'raj.s.i@hotmail.com', 'Raj', '87171896', 'taman ratu indah blok aa 2 no 9', 'jakarta', 'Indonesia', '11520', 'Y'),
(1, 'ryvenny.witarsa@yahoo.com', 'Ryvenny Putri', '84398595', '832 Tampines St. 82 #04-09', 'Singapore', 'Singapore', '520832', 'Y'),
(1, 'samcheng@gmail.com', 'Sam', '82086044', '28 Jalan Datoh #26-09', 'Singapore', 'Singapore', '329426', 'Y'),
(1, 'scme-9595@hotmail.com', 'Sheryl', '7398273123', '81 Victoria St, Singapore 188065', 'Singapore', 'Singapore', '188065', 'Y'),
(1, 'scme9595@gmail.com', 'Sheryl', '21312312', '81 Victoria St, Singapore 188065', 'Singapore', 'Singapore', '188065', 'Y'),
(1, 'sharky.yeo.tg@gmail.com', 'Shaun', '96181527', 'Toa Payoh ', 'Singapore', 'Singapore', '311082', 'Y'),
(1, 'shawnteeyuxuan@gmail.com', 'Yu Xuan', '82285394', '55A ZION ROAD', 'Singapore', 'Singapore', '247780', 'Y'),
(1, 'takoyaki@gmail.com', 'Yumi', '82285394', '55A ZION ROAD', 'Singapore', 'Singapore', '247780', 'Y'),
(1, 'tantan@gmail.com', 'Tan', '84398595', '832 Tampines St. 82 #04-09', 'Singapore', 'Singapore', '520832', 'Y'),
(1, 'tanyy@gmail.com', 'Tan', '97319019', 'Blk 407 Choa Chu Kang Ave 3 #13-293 ', 'Singapore', 'Singapore', '680407', 'Y'),
(1, 'tracy_tan@gmail.com', 'Tracy', '83339545', 'Blk 467 Ang Mo Kio Ave 10 #11-1002', 'Singapore', 'Singapore', '560467', 'Y'),
(1, 'tstan.2016@sis.smu.edu.sg', 'Tanrio', '85900569', 'Jurong West St.93 Blk.989A #09-717', 'Tanjungpinang', 'Indonesia', '641989', 'Y'),
(1, 'vanessa.goh.2015@sis.smu.edu.sg', 'Vanessa', '83339545', 'Blk 467 Ang Mo Kio Ave 10 #11-1002', 'Singapore', 'Singapore', '560467', 'Y'),
(1, 'weikiat.poh.2015@sis.smu.edu.sg', 'Wei Kiat', '90604399', 'BLK208B Punggol Place #05-922', 'Singapore', 'Singapore', '822208', 'Y'),
(1, 'x.s.x@hotmail.com', 'Xu', '91214230', '134 Road Ave 3', 'Singapore', 'Singapore', '126748', 'Y'),
(1, 'yenna.tang.2015@smu.edu.sg', 'Tang', '96181527', 'Toa Payoh ', 'Singapore', 'Singapore', '311082', 'Y'),
(1, 'youseeme@gmail.com', 'Grey', '90604399', 'BLK208B Punggol Place #05-922', 'Singapore', 'Singapore', '822208', 'Y'),
(1, 'yunheng.wu.2015@sis.smu.edu.sg', 'Yunheng', '98792826', 'Tampines St. 21, Blk 268 #11-245', 'Singapore', 'Singapore', '520268', 'Y'),
(2, 'customer@gmail.com', 'Mark Chen', '99122332', '324 Orchard Ave 4', 'Singapore', 'Singapore', '876324', 'N');


-- ---

INSERT INTO `collection` (`COLLECTION_ID`, `COLLECTION_NAME`, `DELETED`) VALUES
(1, 'Bestsellers', 'N'),
(2, '2018 Spring', 'N'),
(3, '2018 Summer', 'N'),
(4, '2017 Spring', 'N'),
(5, '2017 Winter', 'N');




INSERT INTO `pattern` (`PATTERN_ID`, `PATTERN_NAME`, `PATTERN_DESC`, `PATTERN_PRICE`, `DELETED`, `COLLECTION_ID`) VALUES
(1, 'Forest', 'Hi, here is a description on Forest', 100, 'Y', 1),
(2, 'Birds', 'Hi, here is a description on Birds', 120, 'N', 1),
(3, 'Bloom', 'Hi, here is a description on Bloom', 110, 'N', 2),
(4, 'Mimosa', 'Hi, here is a description of Mimosa', 100, 'N', 3),
(5, 'Lotus', 'Hi, here is a description on Lotus', 340, 'Y', 4),
(6, 'Coconuts', 'Hi, here is a description on Coconuts', 400, 'Y', 3),
(7, 'Flowers', 'Hi, here is a description on Flowers', 200, 'N', 3),
(8, 'Coville', 'Coville is', 150, 'N', 2),
(9, 'Olivia', 'Olivia is', 140, 'N', 2),
(10, 'Pinnata', 'Pinnata is', 150, 'N', 5),
(11, 'Retrosa', 'Retrosa is', 150, 'N', 5),
(12, 'Sofia', 'Sofia is', 120, 'N', 5),
(13, 'Tokyo', 'Tokyo is', 160, 'N', 3),
(14, 'Wyatt', 'Wyatt is ', 140, 'N', 5),
(15, 'Zoey', 'Zoey is', 130, 'N', 2),
(16, 'Rosy', 'A classic piece to add with splash of colours.', 175, 'N', 2);

-- --------------------------------------------------------
INSERT INTO `fabric` (`FABRIC_ID`, `FABRIC_NAME`, `FABRIC_DESC`, `FABRIC_PRICE`, `DELETED`) VALUES
(1, 'Silk', 'Silk, also known as natural silk, is continuous filament solidified from the silk fluid secreted by silkworms during cocooning. It is a natural protein fiber and also one of the earliest fibers to be woven into textiles. Second to none in texture, shine, strength and drape, silk is renowned as “the second skin of human body” and “The Queen of Fibers” in the industry.', 250, 'N'),
(2, 'Modal', 'Modal fabric is a regenerated cellulose fiber developed by the Lenzing company from Austria. Its raw materials are beech trees living in European bushes. Beech trees are made into wood pulp first and then processed into Modal fiber using special spinning technologies. The textile made from this fiber has a silky shine, fine touch, and excellent draping. Modal fiber is an eco-friendly fiber because all its raw materials are natural and can be naturally decomposed.', 100, 'N'),
(3, 'Long Staple Cotton', 'Long staple cotton, also called sea island cotton, is a cultivated cotton species that is known for its long fiber. Long staple cotton is renowned as fine cotton for its high quality and long soft fiber.', 120, 'N'),
(4, 'Cotton', 'Cotton is a widely used home textile fabric. Popular among consumers because of its features such as perspiration absorbent, breezy for wear, softness and no irritation to skin, ease of wash, and no pilling.', 80, 'N'),
(5, 'Lyocell Tencel', 'Lyocell, also called Tencel, is a form of rayon which consists of cellulose fiber made from dissolving pulp (bleached wood pulp) using dry jet-wet spinning. It is a typical eco-friendly fiber developed by the Austria Lenzing company. The decomposition rate of Tencel in mud is over 99%, causing little pollution. Tencel is hygroscopic, comfortable, and draping. Tencel products are more hygroscopic than cotton products, softer than silk products, and cooler than linen products. That is why Tencel i', 450, 'N'),
(6, 'Polyester-Cotton', 'Polyester-cotton called by a joint name of polyester blend cotton combination fabric,and it is the textile which made by the yarn of 65%—67% polyester blended with 33%—35% cotton.', 200, 'N');

-- 

INSERT INTO `tag` (`TAG_ID`, `TAG_NAME`) VALUES
(1, 'New Arrivals'),
(2, 'Bestsellers'),
(3, 'Promotion'),
(4, 'Limited Edition'),
(5, 'Exclusive Colours'),
(6, 'Editors Choice');


INSERT INTO `pattern_tag` (`PATTERN_ID`, `TAG_ID`) VALUES
(2, 1),
(4, 1),
(5, 1),
(7, 1),
(3, 3),
(1, 4),
(4, 4),
(1, 6),
(6, 6);
--
-- Table structure for table `cart`
--

INSERT INTO `cart` (`CART_ID`, `CART_PRICE`, `EMAIL`) VALUES
(1, 0, 'customer@gmail.com'),
(2, 0, 'customer2@gmail.com'),
(3, 0, 'customer3@gmail.com'),
(4, 0, 'scme9595@gmail.com'),
(5, 0, 'scme-9595@hotmail.com'),
(6, 0, 'its.clarissa@gmail.com'),
(7, 0, 'rachael9011@gmail.com'),
(8, 0, 'yunheng.wu.2015@sis.smu.edu.sg'),
(9, 0, 'bongjunhao@gmail.com'),
(10, 0, 'vanessa.goh.2015@sis.smu.edu.sg'),
(11, 0, 'weikiat.poh.2015@sis.smu.edu.sg'),
(12, 0, 'tstan.2016@sis.smu.edu.sg'),
(13, 0, 'ryvenny.witarsa@yahoo.com'),
(14, 0, 'brendoa.2015@sis.smu.edu.sg'),
(15, 0, 'yenna.tang.2015@smu.edu.sg'),
(16, 0, 'shawnteeyuxuan@gmail.com'),
(17, 0, 'Amandaptlj@hotmail.com'),
(18, 0, 'abc@joe.com'),
(19, 0, 'john@gmail.com'),
(20, 0, 'tanyy@gmail.com'),
(21, 0, 'samcheng@gmail.com'),
(22, 0, 'x.s.x@hotmail.com'),
(23, 0, 'hds@live.com'),
(24, 0, 'hggrahj@gmail.com'),
(25, 0, 'fionayyyy@hotmail.com'),
(26, 0, 'tantan@gmail.com'),
(27, 0, 'hohojason@gmail.com'),
(28, 0, 'flappybird@gmail.com'),
(29, 0, 'takoyaki@gmail.com'),
(30, 0, 'meow.kelvin@gmail.com'),
(31, 0, 'kght@hotmail.com'),
(32, 0, 'bloopbloopwhale@gmail.com'),
(33, 0, 'sharky.yeo.tg@gmail.com'),
(34, 0, 'li.kang.yew@gmail.com'),
(35, 0, 'heyvictoria@gmail.com'),
(36, 0, 'clara.yeo@gmail.com'),
(37, 0, 'hygh@gmail.com'),
(38, 0, 'tracy_tan@gmail.com'),
(39, 0, 'youseeme@gmail.com'),
(40, 0, 'penguinforlife@gmail.com');

-- --------------------------------------------------------


INSERT INTO `bedding_size` (`SIZE_NAME`, `DIMENSIONS`, `SIZE_PRICE`) VALUES
('Double', '137 cm x 187 cm', 200),
('King', '183 cm x 203 cm', 400),
('Queen', '153 cm x 203 cm', 300),
('Single', '92 cm x 187 cm', 100),
('Super King', '	203ccm x 203 cm', 500);



INSERT INTO `colour` (`COLOUR_ID`, `COLOUR_NAME`, `DELETED`) VALUES
(1, 'White', 'N'),
(2, 'Black', 'N'),
(3, 'Red', 'N'),
(4, 'Yellow', 'N'),
(5, 'Blue', 'N'),
(6, 'Green', 'N'),
(7, 'Pink', 'N'),
(8, 'Purple', 'N'),
(9, 'Teal', 'N'),
(10, 'Gold', 'N'),
(11, 'Silver', 'N'),
(12, 'Grey', 'N'),
(13, 'Vanila Green', 'N'),
(14, 'Khaki Green', 'N'),
(15, 'Brown', 'N');


INSERT INTO `order_status` (`STATUS_ID`, `STATUS_NAME`) VALUES
(1, 'Payment Received'),
(2, 'In Production'),
(3, 'Packaging'),
(4, 'Pending for Shipment'),
(5, 'Shipped'),
(6, 'Completed');



INSERT INTO `promo_code` (`PROMO_CODE_ID`, `PROMO_CODE`, `PROMO_NAME`, `PROMO_TYPE`, `PROMO_VALUE`, `MIN_PURCHASE`, `MAX_DISCOUNT`, `QUOTA`, `COUNTER`, `START_DATE`, `END_DATE`, `DELETED`) VALUES
(0, 'NONE', 'NONE', 'NONE', 0, 0, 0, 0, 0, '2017-08-27', '2020-09-10', 'N'),
(1, 'WELCOME5', 'First Purchase', 'Percent Off', 5, 50, 100, 10000, 0, '2017-08-27', '2018-09-10', 'N'),
(2, '1MONTH', '1st Monthsary', 'Dollar Off', 50, 200, 50, 10000, 0, '2017-09-27', '2018-10-27', 'N');


INSERT INTO `bedding` (`PRODUCT_ID`, `SIZE_NAME`) VALUES
(13, 'Double'),
(14, 'Double'),
(15, 'Double'),
(16, 'Double'),
(17, 'Double'),
(18, 'Double'),
(19, 'Double'),
(20, 'Double'),
(21, 'Double'),
(22, 'Double'),
(23, 'Double'),
(24, 'Double'),
(25, 'Double'),
(26, 'Double'),
(27, 'Double'),
(28, 'Double'),
(29, 'Double'),
(30, 'Double'),
(31, 'Double'),
(32, 'Double'),
(33, 'Double'),
(34, 'Double'),
(35, 'Double'),
(36, 'Double'),
(37, 'Double'),
(38, 'Double'),
(39, 'Double'),
(40, 'Double'),
(41, 'Double'),
(42, 'Double'),
(43, 'Double'),
(44, 'Double'),
(45, 'Double'),
(46, 'Double'),
(47, 'Double'),
(48, 'Double'),
(49, 'Double'),
(50, 'Double'),
(51, 'Double'),
(52, 'Double'),
(53, 'Double'),
(54, 'Double'),
(55, 'Double'),
(56, 'Double'),
(57, 'Double'),
(58, 'Double'),
(59, 'Double'),
(60, 'Double'),
(61, 'Double'),
(62, 'Double'),
(63, 'Double'),
(64, 'Double'),
(65, 'Double'),
(66, 'Double'),
(67, 'Double'),
(68, 'Double'),
(69, 'Double'),
(70, 'Double'),
(71, 'Double'),
(72, 'Double'),
(73, 'Double'),
(74, 'Double'),
(75, 'Double'),
(5, 'King'),
(13, 'King'),
(14, 'King'),
(15, 'King'),
(16, 'King'),
(17, 'King'),
(18, 'King'),
(19, 'King'),
(20, 'King'),
(21, 'King'),
(22, 'King'),
(23, 'King'),
(24, 'King'),
(25, 'King'),
(26, 'King'),
(27, 'King'),
(28, 'King'),
(29, 'King'),
(30, 'King'),
(31, 'King'),
(32, 'King'),
(33, 'King'),
(34, 'King'),
(35, 'King'),
(36, 'King'),
(37, 'King'),
(38, 'King'),
(39, 'King'),
(40, 'King'),
(41, 'King'),
(42, 'King'),
(43, 'King'),
(44, 'King'),
(45, 'King'),
(46, 'King'),
(47, 'King'),
(48, 'King'),
(49, 'King'),
(50, 'King'),
(51, 'King'),
(52, 'King'),
(53, 'King'),
(54, 'King'),
(55, 'King'),
(56, 'King'),
(57, 'King'),
(58, 'King'),
(59, 'King'),
(60, 'King'),
(61, 'King'),
(62, 'King'),
(63, 'King'),
(64, 'King'),
(65, 'King'),
(66, 'King'),
(67, 'King'),
(68, 'King'),
(69, 'King'),
(70, 'King'),
(71, 'King'),
(72, 'King'),
(73, 'King'),
(74, 'King'),
(75, 'King'),
(13, 'Queen'),
(14, 'Queen'),
(15, 'Queen'),
(16, 'Queen'),
(17, 'Queen'),
(18, 'Queen'),
(19, 'Queen'),
(20, 'Queen'),
(21, 'Queen'),
(22, 'Queen'),
(23, 'Queen'),
(24, 'Queen'),
(25, 'Queen'),
(26, 'Queen'),
(27, 'Queen'),
(28, 'Queen'),
(29, 'Queen'),
(30, 'Queen'),
(31, 'Queen'),
(32, 'Queen'),
(33, 'Queen'),
(34, 'Queen'),
(35, 'Queen'),
(36, 'Queen'),
(37, 'Queen'),
(38, 'Queen'),
(39, 'Queen'),
(40, 'Queen'),
(41, 'Queen'),
(42, 'Queen'),
(43, 'Queen'),
(44, 'Queen'),
(45, 'Queen'),
(46, 'Queen'),
(47, 'Queen'),
(48, 'Queen'),
(49, 'Queen'),
(50, 'Queen'),
(51, 'Queen'),
(52, 'Queen'),
(53, 'Queen'),
(54, 'Queen'),
(55, 'Queen'),
(56, 'Queen'),
(57, 'Queen'),
(58, 'Queen'),
(59, 'Queen'),
(60, 'Queen'),
(61, 'Queen'),
(62, 'Queen'),
(63, 'Queen'),
(64, 'Queen'),
(65, 'Queen'),
(66, 'Queen'),
(67, 'Queen'),
(68, 'Queen'),
(69, 'Queen'),
(70, 'Queen'),
(71, 'Queen'),
(72, 'Queen'),
(73, 'Queen'),
(74, 'Queen'),
(75, 'Queen'),
(1, 'Single'),
(2, 'Single'),
(3, 'Single'),
(4, 'Single'),
(6, 'Single'),
(7, 'Single'),
(8, 'Single'),
(9, 'Single'),
(10, 'Single'),
(11, 'Single'),
(12, 'Single'),
(13, 'Single'),
(14, 'Single'),
(15, 'Single'),
(16, 'Single'),
(17, 'Single'),
(18, 'Single'),
(19, 'Single'),
(20, 'Single'),
(21, 'Single'),
(22, 'Single'),
(23, 'Single'),
(24, 'Single'),
(25, 'Single'),
(26, 'Single'),
(27, 'Single'),
(28, 'Single'),
(29, 'Single'),
(30, 'Single'),
(31, 'Single'),
(32, 'Single'),
(33, 'Single'),
(34, 'Single'),
(35, 'Single'),
(36, 'Single'),
(37, 'Single'),
(38, 'Single'),
(39, 'Single'),
(40, 'Single'),
(41, 'Single'),
(42, 'Single'),
(43, 'Single'),
(44, 'Single'),
(45, 'Single'),
(46, 'Single'),
(47, 'Single'),
(48, 'Single'),
(49, 'Single'),
(50, 'Single'),
(51, 'Single'),
(52, 'Single'),
(53, 'Single'),
(54, 'Single'),
(55, 'Single'),
(56, 'Single'),
(57, 'Single'),
(58, 'Single'),
(59, 'Single'),
(60, 'Single'),
(61, 'Single'),
(62, 'Single'),
(63, 'Single'),
(64, 'Single'),
(65, 'Single'),
(66, 'Single'),
(67, 'Single'),
(68, 'Single'),
(69, 'Single'),
(70, 'Single'),
(71, 'Single'),
(72, 'Single'),
(73, 'Single'),
(74, 'Single'),
(75, 'Single'),
(13, 'Super King'),
(14, 'Super King'),
(15, 'Super King'),
(16, 'Super King'),
(17, 'Super King'),
(18, 'Super King'),
(19, 'Super King'),
(20, 'Super King'),
(21, 'Super King'),
(22, 'Super King'),
(23, 'Super King'),
(24, 'Super King'),
(25, 'Super King'),
(26, 'Super King'),
(27, 'Super King'),
(28, 'Super King'),
(29, 'Super King'),
(30, 'Super King'),
(31, 'Super King'),
(32, 'Super King'),
(33, 'Super King'),
(34, 'Super King'),
(35, 'Super King'),
(36, 'Super King'),
(37, 'Super King'),
(38, 'Super King'),
(39, 'Super King'),
(40, 'Super King'),
(41, 'Super King'),
(42, 'Super King'),
(43, 'Super King'),
(44, 'Super King'),
(45, 'Super King'),
(46, 'Super King'),
(47, 'Super King'),
(48, 'Super King'),
(49, 'Super King'),
(50, 'Super King'),
(51, 'Super King'),
(52, 'Super King'),
(53, 'Super King'),
(54, 'Super King'),
(55, 'Super King'),
(56, 'Super King'),
(57, 'Super King'),
(58, 'Super King'),
(59, 'Super King'),
(60, 'Super King'),
(61, 'Super King'),
(62, 'Super King'),
(63, 'Super King'),
(64, 'Super King'),
(65, 'Super King'),
(66, 'Super King'),
(67, 'Super King'),
(68, 'Super King'),
(69, 'Super King'),
(70, 'Super King'),
(71, 'Super King'),
(72, 'Super King'),
(73, 'Super King'),
(74, 'Super King'),
(75, 'Super King');

INSERT INTO `product` (`PRODUCT_ID`, `PRODUCT_TYPE`, `PATTERN_ID`, `COLOUR_ID`, `DELETED`, `FABRIC_ID`) VALUES
(1, 'Bedding', 1, 2, 'Y', 1),
(2, 'Bedding', 2, 1, 'Y', 1),
(3, 'Bedding', 3, 2, 'Y', 3),
(4, 'Bedding', 4, 7, 'Y', 3),
(5, 'Bedding', 5, 2, 'Y', 6),
(6, 'Bedding', 4, 4, 'Y', 4),
(7, 'Bedding', 4, 1, 'Y', 2),
(8, 'Bedding', 2, 9, 'Y', 5),
(9, 'Bedding', 4, 6, 'Y', 4),
(10, 'Bedding', 3, 3, 'Y', 3),
(11, 'Bedding', 6, 1, 'Y', 5),
(12, 'Bedding', 7, 1, 'Y', 4),
(13, 'Bedding', 8, 10, 'N', 6),
(14, 'Bedding', 8, 9, 'N', 2),
(15, 'Bedding', 8, 5, 'N', 4),
(16, 'Bedding', 8, 15, 'N', 3),
(17, 'Bedding', 8, 15, 'N', 5),
(18, 'Bedding', 8, 6, 'N', 1),
(19, 'Bedding', 8, 6, 'N', 2),
(20, 'Bedding', 8, 6, 'N', 4),
(21, 'Bedding', 8, 8, 'N', 4),
(22, 'Bedding', 8, 8, 'N', 6),
(23, 'Bedding', 8, 3, 'N', 2),
(24, 'Bedding', 8, 3, 'N', 1),
(25, 'Bedding', 9, 5, 'N', 1),
(26, 'Bedding', 9, 5, 'N', 2),
(27, 'Bedding', 9, 10, 'N', 3),
(28, 'Bedding', 9, 10, 'N', 5),
(29, 'Bedding', 9, 6, 'N', 5),
(30, 'Bedding', 9, 6, 'N', 6),
(31, 'Bedding', 9, 3, 'N', 2),
(32, 'Bedding', 9, 3, 'N', 3),
(33, 'Bedding', 11, 2, 'N', 1),
(34, 'Bedding', 11, 2, 'N', 3),
(35, 'Bedding', 11, 5, 'N', 1),
(36, 'Bedding', 11, 6, 'N', 1),
(37, 'Bedding', 11, 6, 'N', 4),
(38, 'Bedding', 11, 8, 'N', 2),
(39, 'Bedding', 13, 5, 'N', 1),
(40, 'Bedding', 13, 5, 'N', 2),
(41, 'Bedding', 13, 15, 'N', 1),
(42, 'Bedding', 13, 15, 'N', 3),
(43, 'Bedding', 13, 7, 'N', 5),
(44, 'Bedding', 13, 8, 'N', 1),
(45, 'Bedding', 13, 8, 'N', 4),
(46, 'Bedding', 13, 4, 'N', 2),
(47, 'Bedding', 14, 2, 'N', 1),
(48, 'Bedding', 14, 2, 'N', 5),
(49, 'Bedding', 14, 5, 'N', 2),
(50, 'Bedding', 14, 5, 'N', 3),
(51, 'Bedding', 14, 10, 'N', 1),
(52, 'Bedding', 14, 10, 'N', 5),
(53, 'Bedding', 14, 6, 'N', 2),
(54, 'Bedding', 14, 6, 'N', 4),
(55, 'Bedding', 15, 2, 'N', 1),
(56, 'Bedding', 15, 2, 'N', 5),
(57, 'Bedding', 15, 10, 'N', 1),
(58, 'Bedding', 15, 10, 'N', 5),
(59, 'Bedding', 15, 6, 'N', 2),
(60, 'Bedding', 15, 6, 'N', 5),
(61, 'Bedding', 15, 3, 'N', 1),
(62, 'Bedding', 15, 3, 'N', 6),
(63, 'Bedding', 15, 7, 'N', 1),
(64, 'Bedding', 15, 7, 'N', 2),
(65, 'Bedding', 12, 5, 'N', 4),
(66, 'Bedding', 12, 5, 'N', 3),
(67, 'Bedding', 12, 15, 'N', 2),
(68, 'Bedding', 12, 15, 'N', 4),
(69, 'Bedding', 12, 10, 'N', 4),
(70, 'Bedding', 12, 6, 'N', 3),
(71, 'Bedding', 12, 6, 'N', 4),
(72, 'Bedding', 12, 8, 'N', 1),
(73, 'Bedding', 6, 5, 'Y', 3),
(74, 'Bedding', 5, 7, 'Y', 4),
(75, 'Bedding', 16, 3, 'N', 1);

-- --------------------------------------------------------

--
-- Table structure for table `product_image`
--



INSERT INTO `product_image` (`PRODUCT_ID`, `IMAGE_ID`, `IMAGE_URL`) VALUES
(1, 1, 'https://s3-us-west-2.amazonaws.com/elasticbeanstalk-us-west-2-126347216585/Product+Images/P1.png'),
(1, 2, 'https://s3-us-west-2.amazonaws.com/elasticbeanstalk-us-west-2-126347216585/Product+Images/1_2.png'),
(2, 1, 'https://s3-us-west-2.amazonaws.com/elasticbeanstalk-us-west-2-126347216585/Product+Images/P2.png'),
(2, 2, 'https://s3-us-west-2.amazonaws.com/elasticbeanstalk-us-west-2-126347216585/Product+Images/2_2.png'),
(3, 1, 'https://s3-us-west-2.amazonaws.com/elasticbeanstalk-us-west-2-126347216585/Product+Images/P3.png'),
(3, 2, 'https://s3-us-west-2.amazonaws.com/elasticbeanstalk-us-west-2-126347216585/Product+Images/3_2.png'),
(4, 1, 'https://s3-us-west-2.amazonaws.com/elasticbeanstalk-us-west-2-126347216585/Product+Images/P4.png'),
(4, 2, 'https://s3-us-west-2.amazonaws.com/elasticbeanstalk-us-west-2-126347216585/Product+Images/4_2.png'),
(4, 3, 'https://s3-us-west-2.amazonaws.com/elasticbeanstalk-us-west-2-126347216585/Product+Images/3_3.png'),
(5, 1, 'https://s3-us-west-2.amazonaws.com/elasticbeanstalk-us-west-2-126347216585/Product+Images/P5.png'),
(5, 2, 'https://s3-us-west-2.amazonaws.com/elasticbeanstalk-us-west-2-126347216585/Product+Images/5_2.png'),
(6, 1, 'https://s3-us-west-2.amazonaws.com/elasticbeanstalk-us-west-2-126347216585/Product+Images/P6.png'),
(6, 2, 'https://s3-us-west-2.amazonaws.com/elasticbeanstalk-us-west-2-126347216585/Product+Images/6_2.png'),
(7, 1, 'https://s3-us-west-2.amazonaws.com/elasticbeanstalk-us-west-2-126347216585/Product+Images/P7.png'),
(7, 2, 'https://s3-us-west-2.amazonaws.com/elasticbeanstalk-us-west-2-126347216585/Product+Images/7_2.png'),
(7, 3, 'https://s3-us-west-2.amazonaws.com/elasticbeanstalk-us-west-2-126347216585/Product+Images/7_3.png'),
(8, 1, 'https://s3-us-west-2.amazonaws.com/elasticbeanstalk-us-west-2-126347216585/Product+Images/P8.png'),
(8, 2, 'https://s3-us-west-2.amazonaws.com/elasticbeanstalk-us-west-2-126347216585/Product+Images/8_2.png'),
(9, 1, 'https://s3-us-west-2.amazonaws.com/elasticbeanstalk-us-west-2-126347216585/Product+Images/P9.png'),
(9, 2, 'https://s3-us-west-2.amazonaws.com/elasticbeanstalk-us-west-2-126347216585/Product+Images/9_2.png'),
(10, 1, 'https://s3-us-west-2.amazonaws.com/elasticbeanstalk-us-west-2-126347216585/Product+Images/P10.png'),
(10, 2, 'https://s3-us-west-2.amazonaws.com/elasticbeanstalk-us-west-2-126347216585/Product+Images/10_2.png'),
(11, 1, 'https://s3-us-west-2.amazonaws.com/elasticbeanstalk-us-west-2-126347216585/Product+Images/P11.png'),
(11, 2, 'https://s3-us-west-2.amazonaws.com/elasticbeanstalk-us-west-2-126347216585/Product+Images/11_2.png'),
(12, 1, 'https://s3-us-west-2.amazonaws.com/elasticbeanstalk-us-west-2-126347216585/Product+Images/P12.png'),
(12, 2, 'https://s3-us-west-2.amazonaws.com/elasticbeanstalk-us-west-2-126347216585/Product+Images/12_2.png'),
(13, 1, 'https://s3-ap-southeast-1.amazonaws.com/highlanderbucket/Product+Images/13_1.png'),
(13, 2, 'https://s3-ap-southeast-1.amazonaws.com/highlanderbucket/Product+Images/13_2_13_2.png'),
(13, 3, 'https://s3-ap-southeast-1.amazonaws.com/highlanderbucket/Product+Images/13_3.png'),
(14, 1, 'https://s3-ap-southeast-1.amazonaws.com/highlanderbucket/Product+Images/14_1.png'),
(14, 2, 'https://s3-ap-southeast-1.amazonaws.com/highlanderbucket/Product+Images/14_2.png'),
(14, 3, 'https://s3-ap-southeast-1.amazonaws.com/highlanderbucket/Product+Images/14_3.png'),
(15, 1, 'https://s3-ap-southeast-1.amazonaws.com/highlanderbucket/Product+Images/15_1.png'),
(15, 2, 'https://s3-ap-southeast-1.amazonaws.com/highlanderbucket/Product+Images/15_2.png'),
(15, 3, 'https://s3-ap-southeast-1.amazonaws.com/highlanderbucket/Product+Images/15_3.png'),
(16, 1, 'https://s3-ap-southeast-1.amazonaws.com/highlanderbucket/Product+Images/16_1.png'),
(16, 2, 'https://s3-ap-southeast-1.amazonaws.com/highlanderbucket/Product+Images/16_2.png'),
(16, 3, 'https://s3-ap-southeast-1.amazonaws.com/highlanderbucket/Product+Images/16_3.png'),
(17, 1, 'https://s3-ap-southeast-1.amazonaws.com/highlanderbucket/Product+Images/17_1.png'),
(17, 2, 'https://s3-ap-southeast-1.amazonaws.com/highlanderbucket/Product+Images/17_2.png'),
(17, 3, 'https://s3-ap-southeast-1.amazonaws.com/highlanderbucket/Product+Images/17_3.png'),
(18, 1, 'https://s3-ap-southeast-1.amazonaws.com/highlanderbucket/Product+Images/18_1.png'),
(18, 2, 'https://s3-ap-southeast-1.amazonaws.com/highlanderbucket/Product+Images/18_2_18_2.png'),
(18, 3, 'https://s3-ap-southeast-1.amazonaws.com/highlanderbucket/Product+Images/18_3.png'),
(19, 1, 'https://s3-ap-southeast-1.amazonaws.com/highlanderbucket/Product+Images/19_1.png'),
(19, 2, 'https://s3-ap-southeast-1.amazonaws.com/highlanderbucket/Product+Images/19_2.png'),
(19, 3, 'https://s3-ap-southeast-1.amazonaws.com/highlanderbucket/Product+Images/19_3.png'),
(20, 1, 'https://s3-ap-southeast-1.amazonaws.com/highlanderbucket/Product+Images/20_1.png'),
(20, 2, 'https://s3-ap-southeast-1.amazonaws.com/highlanderbucket/Product+Images/20_2.png'),
(20, 3, 'https://s3-ap-southeast-1.amazonaws.com/highlanderbucket/Product+Images/20_3.png'),
(21, 1, 'https://s3-ap-southeast-1.amazonaws.com/highlanderbucket/Product+Images/21_1.png'),
(21, 2, 'https://s3-ap-southeast-1.amazonaws.com/highlanderbucket/Product+Images/21_2.png'),
(21, 3, 'https://s3-ap-southeast-1.amazonaws.com/highlanderbucket/Product+Images/21_3.png'),
(22, 1, 'https://s3-ap-southeast-1.amazonaws.com/highlanderbucket/Product+Images/22_1.png'),
(22, 2, 'https://s3-ap-southeast-1.amazonaws.com/highlanderbucket/Product+Images/22_2.png'),
(22, 3, 'https://s3-ap-southeast-1.amazonaws.com/highlanderbucket/Product+Images/22_3.png'),
(23, 1, 'https://s3-ap-southeast-1.amazonaws.com/highlanderbucket/Product+Images/23_1.png'),
(23, 2, 'https://s3-ap-southeast-1.amazonaws.com/highlanderbucket/Product+Images/23_2.png'),
(23, 3, 'https://s3-ap-southeast-1.amazonaws.com/highlanderbucket/Product+Images/23_3.png'),
(24, 1, 'https://s3-ap-southeast-1.amazonaws.com/highlanderbucket/Product+Images/24_1.png'),
(24, 2, 'https://s3-ap-southeast-1.amazonaws.com/highlanderbucket/Product+Images/24_2.png'),
(24, 3, 'https://s3-ap-southeast-1.amazonaws.com/highlanderbucket/Product+Images/24_3.png'),
(25, 1, 'https://s3-ap-southeast-1.amazonaws.com/highlanderbucket/Product+Images/25_1.png'),
(25, 2, 'https://s3-ap-southeast-1.amazonaws.com/highlanderbucket/Product+Images/25_2.png'),
(25, 3, 'https://s3-ap-southeast-1.amazonaws.com/highlanderbucket/Product+Images/25_3.png'),
(26, 1, 'https://s3-ap-southeast-1.amazonaws.com/highlanderbucket/Product+Images/26_1.png'),
(26, 2, 'https://s3-ap-southeast-1.amazonaws.com/highlanderbucket/Product+Images/26_2.png'),
(26, 3, 'https://s3-ap-southeast-1.amazonaws.com/highlanderbucket/Product+Images/26_3.png'),
(27, 1, 'https://s3-ap-southeast-1.amazonaws.com/highlanderbucket/Product+Images/27_1.png'),
(27, 2, 'https://s3-ap-southeast-1.amazonaws.com/highlanderbucket/Product+Images/27_2.png'),
(27, 3, 'https://s3-ap-southeast-1.amazonaws.com/highlanderbucket/Product+Images/27_3.png'),
(28, 1, 'https://s3-ap-southeast-1.amazonaws.com/highlanderbucket/Product+Images/28_1.png'),
(28, 2, 'https://s3-ap-southeast-1.amazonaws.com/highlanderbucket/Product+Images/28_2.png'),
(28, 3, 'https://s3-ap-southeast-1.amazonaws.com/highlanderbucket/Product+Images/28_3.png'),
(29, 1, 'https://s3-ap-southeast-1.amazonaws.com/highlanderbucket/Product+Images/29_1.png'),
(29, 2, 'https://s3-ap-southeast-1.amazonaws.com/highlanderbucket/Product+Images/29_2.png'),
(29, 3, 'https://s3-ap-southeast-1.amazonaws.com/highlanderbucket/Product+Images/29_3.png'),
(30, 1, 'https://s3-ap-southeast-1.amazonaws.com/highlanderbucket/Product+Images/30_1.png'),
(30, 2, 'https://s3-ap-southeast-1.amazonaws.com/highlanderbucket/Product+Images/30_2.png'),
(30, 3, 'https://s3-ap-southeast-1.amazonaws.com/highlanderbucket/Product+Images/30_3.png'),
(31, 1, 'https://s3-ap-southeast-1.amazonaws.com/highlanderbucket/Product+Images/31_1.png'),
(31, 2, 'https://s3-ap-southeast-1.amazonaws.com/highlanderbucket/Product+Images/31_2.png'),
(31, 3, 'https://s3-ap-southeast-1.amazonaws.com/highlanderbucket/Product+Images/31_3.png'),
(32, 1, 'https://s3-ap-southeast-1.amazonaws.com/highlanderbucket/Product+Images/32_1.png'),
(32, 2, 'https://s3-ap-southeast-1.amazonaws.com/highlanderbucket/Product+Images/32_2.png'),
(32, 3, 'https://s3-ap-southeast-1.amazonaws.com/highlanderbucket/Product+Images/32_3.png'),
(33, 1, 'https://s3-ap-southeast-1.amazonaws.com/highlanderbucket/Product+Images/33_1.png'),
(33, 2, 'https://s3-ap-southeast-1.amazonaws.com/highlanderbucket/Product+Images/33_2.png'),
(33, 3, 'https://s3-ap-southeast-1.amazonaws.com/highlanderbucket/Product+Images/33_3.png'),
(34, 1, 'https://s3-ap-southeast-1.amazonaws.com/highlanderbucket/Product+Images/34_1.png'),
(34, 2, 'https://s3-ap-southeast-1.amazonaws.com/highlanderbucket/Product+Images/34_2.png'),
(34, 3, 'https://s3-ap-southeast-1.amazonaws.com/highlanderbucket/Product+Images/34_3.png'),
(35, 1, 'https://s3-ap-southeast-1.amazonaws.com/highlanderbucket/Product+Images/35_1.png'),
(35, 2, 'https://s3-ap-southeast-1.amazonaws.com/highlanderbucket/Product+Images/35_2.png'),
(35, 3, 'https://s3-ap-southeast-1.amazonaws.com/highlanderbucket/Product+Images/35_3.png'),
(36, 1, 'https://s3-ap-southeast-1.amazonaws.com/highlanderbucket/Product+Images/36_1.png'),
(36, 2, 'https://s3-ap-southeast-1.amazonaws.com/highlanderbucket/Product+Images/36_2.png'),
(36, 3, 'https://s3-ap-southeast-1.amazonaws.com/highlanderbucket/Product+Images/36_3.png'),
(37, 1, 'https://s3-ap-southeast-1.amazonaws.com/highlanderbucket/Product+Images/37_1.png'),
(37, 2, 'https://s3-ap-southeast-1.amazonaws.com/highlanderbucket/Product+Images/37_2.png'),
(37, 3, 'https://s3-ap-southeast-1.amazonaws.com/highlanderbucket/Product+Images/37_3.png'),
(38, 1, 'https://s3-ap-southeast-1.amazonaws.com/highlanderbucket/Product+Images/38_1.png'),
(38, 2, 'https://s3-ap-southeast-1.amazonaws.com/highlanderbucket/Product+Images/38_2.png'),
(38, 3, 'https://s3-ap-southeast-1.amazonaws.com/highlanderbucket/Product+Images/38_3.png'),
(39, 1, 'https://s3-ap-southeast-1.amazonaws.com/highlanderbucket/Product+Images/39_1.png'),
(39, 2, 'https://s3-ap-southeast-1.amazonaws.com/highlanderbucket/Product+Images/39_2.png'),
(39, 3, 'https://s3-ap-southeast-1.amazonaws.com/highlanderbucket/Product+Images/39_3.png'),
(40, 1, 'https://s3-ap-southeast-1.amazonaws.com/highlanderbucket/Product+Images/40_1.png'),
(40, 2, 'https://s3-ap-southeast-1.amazonaws.com/highlanderbucket/Product+Images/40_2.png'),
(40, 3, 'https://s3-ap-southeast-1.amazonaws.com/highlanderbucket/Product+Images/40_3.png'),
(41, 1, 'https://s3-ap-southeast-1.amazonaws.com/highlanderbucket/Product+Images/41_1.png'),
(41, 2, 'https://s3-ap-southeast-1.amazonaws.com/highlanderbucket/Product+Images/41_2.png'),
(41, 3, 'https://s3-ap-southeast-1.amazonaws.com/highlanderbucket/Product+Images/41_3.png'),
(42, 1, 'https://s3-ap-southeast-1.amazonaws.com/highlanderbucket/Product+Images/42_1.png'),
(42, 2, 'https://s3-ap-southeast-1.amazonaws.com/highlanderbucket/Product+Images/42_2.png'),
(42, 3, 'https://s3-ap-southeast-1.amazonaws.com/highlanderbucket/Product+Images/42_3.png'),
(43, 1, 'https://s3-ap-southeast-1.amazonaws.com/highlanderbucket/Product+Images/43_1.png'),
(43, 2, 'https://s3-ap-southeast-1.amazonaws.com/highlanderbucket/Product+Images/43_2.png'),
(43, 3, 'https://s3-ap-southeast-1.amazonaws.com/highlanderbucket/Product+Images/43_3.png'),
(44, 1, 'https://s3-ap-southeast-1.amazonaws.com/highlanderbucket/Product+Images/44_1.png'),
(44, 2, 'https://s3-ap-southeast-1.amazonaws.com/highlanderbucket/Product+Images/44_2.png'),
(44, 3, 'https://s3-ap-southeast-1.amazonaws.com/highlanderbucket/Product+Images/44_3.png'),
(45, 1, 'https://s3-ap-southeast-1.amazonaws.com/highlanderbucket/Product+Images/45_1.png'),
(45, 2, 'https://s3-ap-southeast-1.amazonaws.com/highlanderbucket/Product+Images/45_2.png'),
(45, 3, 'https://s3-ap-southeast-1.amazonaws.com/highlanderbucket/Product+Images/45_3.png'),
(46, 1, 'https://s3-ap-southeast-1.amazonaws.com/highlanderbucket/Product+Images/46_1.png'),
(46, 2, 'https://s3-ap-southeast-1.amazonaws.com/highlanderbucket/Product+Images/46_2.png'),
(46, 3, 'https://s3-ap-southeast-1.amazonaws.com/highlanderbucket/Product+Images/46_3.png'),
(47, 1, 'https://s3-ap-southeast-1.amazonaws.com/highlanderbucket/Product+Images/47_1.png'),
(47, 2, 'https://s3-ap-southeast-1.amazonaws.com/highlanderbucket/Product+Images/47_2.png'),
(47, 3, 'https://s3-ap-southeast-1.amazonaws.com/highlanderbucket/Product+Images/47_3.png'),
(48, 1, 'https://s3-ap-southeast-1.amazonaws.com/highlanderbucket/Product+Images/48_1.png'),
(48, 2, 'https://s3-ap-southeast-1.amazonaws.com/highlanderbucket/Product+Images/48_2.png'),
(48, 3, 'https://s3-ap-southeast-1.amazonaws.com/highlanderbucket/Product+Images/48_3.png'),
(49, 1, 'https://s3-ap-southeast-1.amazonaws.com/highlanderbucket/Product+Images/49_1.png'),
(49, 2, 'https://s3-ap-southeast-1.amazonaws.com/highlanderbucket/Product+Images/49_2.png'),
(49, 3, 'https://s3-ap-southeast-1.amazonaws.com/highlanderbucket/Product+Images/49_3.png'),
(50, 1, 'https://s3-ap-southeast-1.amazonaws.com/highlanderbucket/Product+Images/50_1.png'),
(50, 2, 'https://s3-ap-southeast-1.amazonaws.com/highlanderbucket/Product+Images/50_2.png'),
(50, 3, 'https://s3-ap-southeast-1.amazonaws.com/highlanderbucket/Product+Images/50_3.png'),
(51, 1, 'https://s3-ap-southeast-1.amazonaws.com/highlanderbucket/Product+Images/51_1.png'),
(51, 2, 'https://s3-ap-southeast-1.amazonaws.com/highlanderbucket/Product+Images/51_2.png'),
(51, 3, 'https://s3-ap-southeast-1.amazonaws.com/highlanderbucket/Product+Images/51_3.png'),
(52, 1, 'https://s3-ap-southeast-1.amazonaws.com/highlanderbucket/Product+Images/52_1.png'),
(52, 2, 'https://s3-ap-southeast-1.amazonaws.com/highlanderbucket/Product+Images/52_2.png'),
(52, 3, 'https://s3-ap-southeast-1.amazonaws.com/highlanderbucket/Product+Images/52_3.png'),
(53, 1, 'https://s3-ap-southeast-1.amazonaws.com/highlanderbucket/Product+Images/53_1.png'),
(53, 2, 'https://s3-ap-southeast-1.amazonaws.com/highlanderbucket/Product+Images/53_2.png'),
(53, 3, 'https://s3-ap-southeast-1.amazonaws.com/highlanderbucket/Product+Images/53_3.png'),
(54, 1, 'https://s3-ap-southeast-1.amazonaws.com/highlanderbucket/Product+Images/54_1.png'),
(54, 2, 'https://s3-ap-southeast-1.amazonaws.com/highlanderbucket/Product+Images/54_2.png'),
(54, 3, 'https://s3-ap-southeast-1.amazonaws.com/highlanderbucket/Product+Images/54_3.png'),
(55, 1, 'https://s3-ap-southeast-1.amazonaws.com/highlanderbucket/Product+Images/55_1_55_1.png'),
(55, 2, 'https://s3-ap-southeast-1.amazonaws.com/highlanderbucket/Product+Images/55_2_55_2.png'),
(55, 3, 'https://s3-ap-southeast-1.amazonaws.com/highlanderbucket/Product+Images/55_3_55_3.png'),
(56, 1, 'https://s3-ap-southeast-1.amazonaws.com/highlanderbucket/Product+Images/56_1_56_1.png'),
(56, 2, 'https://s3-ap-southeast-1.amazonaws.com/highlanderbucket/Product+Images/56_2_56_2.png'),
(56, 3, 'https://s3-ap-southeast-1.amazonaws.com/highlanderbucket/Product+Images/56_3_56_3.png'),
(57, 1, 'https://s3-ap-southeast-1.amazonaws.com/highlanderbucket/Product+Images/57_1.png'),
(57, 2, 'https://s3-ap-southeast-1.amazonaws.com/highlanderbucket/Product+Images/57_2.png'),
(57, 3, 'https://s3-ap-southeast-1.amazonaws.com/highlanderbucket/Product+Images/57_3.png'),
(58, 1, 'https://s3-ap-southeast-1.amazonaws.com/highlanderbucket/Product+Images/58_1.png'),
(58, 2, 'https://s3-ap-southeast-1.amazonaws.com/highlanderbucket/Product+Images/58_2.png'),
(58, 3, 'https://s3-ap-southeast-1.amazonaws.com/highlanderbucket/Product+Images/58_3.png'),
(59, 1, 'https://s3-ap-southeast-1.amazonaws.com/highlanderbucket/Product+Images/59_1.png'),
(59, 2, 'https://s3-ap-southeast-1.amazonaws.com/highlanderbucket/Product+Images/59_2.png'),
(59, 3, 'https://s3-ap-southeast-1.amazonaws.com/highlanderbucket/Product+Images/59_3.png'),
(60, 1, 'https://s3-ap-southeast-1.amazonaws.com/highlanderbucket/Product+Images/60_1.png'),
(60, 2, 'https://s3-ap-southeast-1.amazonaws.com/highlanderbucket/Product+Images/60_2.png'),
(60, 3, 'https://s3-ap-southeast-1.amazonaws.com/highlanderbucket/Product+Images/60_3.png'),
(61, 1, 'https://s3-ap-southeast-1.amazonaws.com/highlanderbucket/Product+Images/61_1.png'),
(61, 2, 'https://s3-ap-southeast-1.amazonaws.com/highlanderbucket/Product+Images/61_2.png'),
(61, 3, 'https://s3-ap-southeast-1.amazonaws.com/highlanderbucket/Product+Images/61_3.png'),
(62, 1, 'https://s3-ap-southeast-1.amazonaws.com/highlanderbucket/Product+Images/62_1.png'),
(62, 2, 'https://s3-ap-southeast-1.amazonaws.com/highlanderbucket/Product+Images/62_2.png'),
(62, 3, 'https://s3-ap-southeast-1.amazonaws.com/highlanderbucket/Product+Images/62_3.png'),
(63, 1, 'https://s3-ap-southeast-1.amazonaws.com/highlanderbucket/Product+Images/63_1.png'),
(63, 2, 'https://s3-ap-southeast-1.amazonaws.com/highlanderbucket/Product+Images/63_2.png'),
(63, 3, 'https://s3-ap-southeast-1.amazonaws.com/highlanderbucket/Product+Images/63_3.png'),
(64, 1, 'https://s3-ap-southeast-1.amazonaws.com/highlanderbucket/Product+Images/64_1.png'),
(64, 2, 'https://s3-ap-southeast-1.amazonaws.com/highlanderbucket/Product+Images/64_2.png'),
(64, 3, 'https://s3-ap-southeast-1.amazonaws.com/highlanderbucket/Product+Images/64_3.png'),
(65, 1, 'https://s3-ap-southeast-1.amazonaws.com/highlanderbucket/Product+Images/65_1.png'),
(65, 2, 'https://s3-ap-southeast-1.amazonaws.com/highlanderbucket/Product+Images/65_2.png'),
(65, 3, 'https://s3-ap-southeast-1.amazonaws.com/highlanderbucket/Product+Images/65_3.png'),
(66, 1, 'https://s3-ap-southeast-1.amazonaws.com/highlanderbucket/Product+Images/66_1.png'),
(66, 2, 'https://s3-ap-southeast-1.amazonaws.com/highlanderbucket/Product+Images/66_2.png'),
(66, 3, 'https://s3-ap-southeast-1.amazonaws.com/highlanderbucket/Product+Images/66_3_66_3.png'),
(67, 1, 'https://s3-ap-southeast-1.amazonaws.com/highlanderbucket/Product+Images/67_1.png'),
(67, 2, 'https://s3-ap-southeast-1.amazonaws.com/highlanderbucket/Product+Images/67_2.png'),
(67, 3, 'https://s3-ap-southeast-1.amazonaws.com/highlanderbucket/Product+Images/67_3.png'),
(68, 1, 'https://s3-ap-southeast-1.amazonaws.com/highlanderbucket/Product+Images/68_1.png'),
(68, 2, 'https://s3-ap-southeast-1.amazonaws.com/highlanderbucket/Product+Images/68_2.png'),
(68, 3, 'https://s3-ap-southeast-1.amazonaws.com/highlanderbucket/Product+Images/68_3_68_3.png'),
(69, 1, 'https://s3-ap-southeast-1.amazonaws.com/highlanderbucket/Product+Images/69_1.png'),
(69, 2, 'https://s3-ap-southeast-1.amazonaws.com/highlanderbucket/Product+Images/69_2.png'),
(69, 3, 'https://s3-ap-southeast-1.amazonaws.com/highlanderbucket/Product+Images/69_3.png'),
(70, 1, 'https://s3-ap-southeast-1.amazonaws.com/highlanderbucket/Product+Images/70_1.png'),
(70, 2, 'https://s3-ap-southeast-1.amazonaws.com/highlanderbucket/Product+Images/70_2.png'),
(70, 3, 'https://s3-ap-southeast-1.amazonaws.com/highlanderbucket/Product+Images/70_3.png'),
(71, 1, 'https://s3-ap-southeast-1.amazonaws.com/highlanderbucket/Product+Images/71_1.png'),
(71, 2, 'https://s3-ap-southeast-1.amazonaws.com/highlanderbucket/Product+Images/71_2.png'),
(71, 3, 'https://s3-ap-southeast-1.amazonaws.com/highlanderbucket/Product+Images/71_3.png'),
(72, 1, 'https://s3-ap-southeast-1.amazonaws.com/highlanderbucket/Product+Images/72_1.png'),
(72, 2, 'https://s3-ap-southeast-1.amazonaws.com/highlanderbucket/Product+Images/72_2.png'),
(72, 3, 'https://s3-ap-southeast-1.amazonaws.com/highlanderbucket/Product+Images/72_3.png'),
(73, 1, 'assets/img/upload_image.png'),
(74, 1, 'assets/img/upload_image.png'),
(75, 1, 'https://s3-ap-southeast-1.amazonaws.com/highlanderbucket/Product+Images/75_1.png'),
(75, 2, 'https://s3-ap-southeast-1.amazonaws.com/highlanderbucket/Product+Images/75_2.png'),
(75, 3, 'https://s3-ap-southeast-1.amazonaws.com/highlanderbucket/Product+Images/75_3_75_3.png');



INSERT INTO `lamp` (`PRODUCT_ID`, `LAMP_TYPE`, `LAMP_PRICE`) VALUES
(1, 'Table Lamp', 500),
(5, 'Table Lamp', 500),
(8, 'Table Lamp', 500),
(12, 'Table Lamp', 500);

INSERT INTO `customer_order` (`ORDER_ID`, `ORDER_DATE`, `NET_AMT`, `PROMO_DISC_AMT`, `RECIPIENT_NAME`, `PHONE_NO`, `ADDRESS_LINE`, `CITY`, `COUNTRY`, `POSTAL_CODE`, `STRIPE_CHARGE_ID`, `EMAIL`, `PROMO_CODE_ID`, `COURIER_NAME`, `ORDER_TRACKING_NO`) VALUES
(1, '2017-10-10 07:00:18', 1000, 0, 'YUXUAN', '91223223', '54A Zion Road', 'Singapore', 'Singapore', '247780', 'RFEWGORGKR3423420DDD', 'customer@gmail.com', 1, 'Shun Feng', 'shunfeng123223'),
(2, '2017-10-11 08:42:18', 900, 0, 'Human', '91233223', '54n Road', 'Singapore', 'Singapore', '247780', 'RFEWGOR222223420DDD', 'customer@gmail.com', 1, 'Shun Feng', 'dhl383'),
(3, '2017-10-11 13:43:34', 1480, 0, 'Hui Yan', '91234230', '134 Highlander Ave 3', 'Singapore', 'Singapore', '536748', 'ch_1BBkUjErLJBVVJLU5A9qyiMR', 'customer@gmail.com', 0, NULL, NULL),
(4, '2017-10-11 13:47:38', 1160, 0, 'Tan Yan', '91214230', '134 Road Ave 3', 'Singapore', 'Singapore', '126748', 'ch_1BBkYgErLJBVVJLUFz4a6b3t', 'customer2@gmail.com', 0, NULL, NULL),
(5, '2017-10-11 13:48:35', 1220, 0, 'Tan Yan', '91214230', '134 Road Ave 3', 'Singapore', 'Singapore', '126748', 'ch_1BBkZbErLJBVVJLU3jW3Z0ve', 'customer2@gmail.com', 0, NULL, NULL),
(6, '2017-10-11 13:50:36', 2960, 0, 'Tan Yan', '91214230', '134 Road Ave 3', 'Singapore', 'Singapore', '126748', 'ch_1BBkbXErLJBVVJLUcpzNFUWp', 'customer2@gmail.com', 0, NULL, NULL),
(7, '2017-10-11 13:51:34', 2670, 0, 'Ming Yan', '82114230', '134 Ubi Ave 3', 'Singapore', 'Singapore', '426748', 'ch_1BBkcTErLJBVVJLUFxqeA4ND', 'customer3@gmail.com', 0, NULL, NULL),
(8, '2017-10-11 13:52:33', 1290, 0, 'Ming Yan', '82114230', '134 Ubi Ave 3', 'Singapore', 'Singapore', '426748', 'ch_1BBkdQErLJBVVJLUFTDQ18EO', 'customer3@gmail.com', 0, NULL, NULL),
(9, '2017-10-11 13:53:33', 980, 0, 'Ming Yan', '82114230', '134 Ubi Ave 3', 'Singapore', 'Singapore', '426748', 'ch_1BBkePErLJBVVJLU2vFZ6cvq', 'customer3@gmail.com', 0, NULL, NULL);

INSERT INTO `order_item` (`ORDER_ID`, `PRODUCT_ID`, `QUANTITY`, `UNIT_PRICE`, `ITEM_STATUS`) VALUES
(1, 3, 1, 200, 'COMPLETE'),
(1, 6, 1, 500, 'COMPLETE'),
(1, 7, 1, 300, 'COMPLETE'),
(2, 11, 1, 900, 'INCOMPLETE'),
(3, 3, 1, 430, 'INCOMPLETE'),
(3, 11, 1, 1050, 'INCOMPLETE'),
(4, 4, 1, 420, 'INCOMPLETE'),
(4, 5, 1, 740, 'INCOMPLETE'),
(5, 5, 1, 740, 'INCOMPLETE'),
(5, 12, 1, 480, 'INCOMPLETE'),
(6, 5, 4, 740, 'INCOMPLETE'),
(7, 2, 1, 570, 'INCOMPLETE'),
(7, 11, 2, 1050, 'INCOMPLETE'),
(8, 1, 1, 550, 'INCOMPLETE'),
(8, 5, 1, 740, 'INCOMPLETE'),
(9, 1, 1, 550, 'INCOMPLETE'),
(9, 3, 1, 430, 'INCOMPLETE');


INSERT INTO `order_status_log` (`ORDER_ID`, `STATUS_ID`, `START_TIMESTAMP`, `END_TIMESTAMP`, `DURATION_HOURS`) VALUES
(1, 1, '2017-10-09 07:00:18', '2017-10-11 09:00:21', 0),
(1, 2, '2017-10-11 09:00:21', '2017-10-11 09:26:09', 0),
(1, 3, '2017-10-11 09:26:09', NULL, 0),
(2, 1, '2017-10-11 08:42:18', NULL, 0),
(3, 1, '2017-10-11 13:43:34', NULL, 0),
(4, 1, '2017-10-11 13:47:38', NULL, 0),
(5, 1, '2017-10-11 13:48:35', NULL, 0),
(6, 1, '2017-10-11 13:50:36', NULL, 0),
(7, 1, '2017-10-11 13:51:34', NULL, 0),
(8, 1, '2017-10-11 13:52:33', NULL, 0),
(9, 1, '2017-10-11 13:53:33', NULL, 0);

INSERT INTO `user_preferences` (`user_id`, `product_id`, `preference`) VALUES
(0, 0, 0),
(0, 1, 5),
(0, 3, 5),
(0, 4, 3),
(1, 1, 5),
(1, 3, 5),
(1, 4, 5),
(1, 5, 2),
(1, 6, 5),
(1, 7, 5),
(1, 8, 2),
(1, 9, 5),
(1, 10, 3),
(1, 11, 2),
(2, 0, 3),
(2, 1, 3),
(2, 4, 2),
(2, 7, 1),
(2, 8, 1),
(3, 1, 3),
(3, 2, 3),
(3, 3, 4),
(3, 5, 3),
(3, 8, 1),
(4, 0, 3),
(4, 1, 10),
(4, 2, 3),
(4, 3, 10),
(4, 4, 10),
(4, 5, 10),
(4, 6, 5),
(4, 7, 5),
(4, 9, 5),
(4, 10, 10),
(4, 11, 1),
(4, 12, 10),
(5, 1, 3),
(5, 2, 5),
(5, 6, 1),
(5, 7, 1),
(6, 1, 1),
(6, 2, 2),
(6, 3, 3),
(6, 4, 5),
(6, 7, 1),
(6, 9, 3),
(6, 10, 1),
(7, 1, 2),
(7, 7, 1),
(7, 9, 3),
(7, 10, 5),
(8, 0, 1),
(8, 1, 1),
(8, 5, 3),
(8, 6, 3),
(8, 7, 5),
(8, 8, 1),
(9, 0, 2),
(9, 1, 1),
(9, 4, 5),
(9, 6, 1),
(9, 7, 1),
(9, 8, 5),
(9, 9, 3),
(10, 0, 2),
(10, 1, 3),
(10, 2, 1),
(10, 4, 2),
(10, 6, 3),
(11, 1, 2),
(11, 2, 2),
(11, 4, 1),
(11, 5, 3),
(11, 7, 5),
(12, 0, 1),
(12, 2, 2),
(12, 3, 5),
(12, 7, 2),
(12, 8, 2),
(12, 10, 3),
(13, 1, 2),
(13, 2, 3),
(13, 3, 3),
(13, 5, 1),
(13, 7, 5),
(13, 8, 2),
(14, 2, 2),
(14, 5, 3),
(14, 6, 1),
(14, 7, 1),
(14, 8, 4),
(15, 4, 5),
(15, 5, 1),
(15, 7, 5),
(15, 8, 1),
(15, 9, 3),
(15, 10, 4),
(16, 1, 5),
(16, 2, 5),
(16, 5, 3),
(16, 7, 3),
(16, 10, 3),
(17, 0, 1),
(17, 1, 2),
(17, 2, 1),
(17, 4, 3),
(17, 5, 2),
(17, 8, 2),
(18, 1, 1),
(18, 2, 1),
(18, 5, 3),
(18, 7, 4),
(18, 8, 2),
(18, 10, 3),
(19, 0, 1),
(19, 1, 3),
(19, 5, 1),
(19, 7, 5),
(20, 5, 5),
(20, 6, 1),
(20, 8, 2),
(20, 9, 4),
(21, 3, 10),
(21, 4, 5),
(21, 5, 4),
(21, 12, 3),
(22, 11, 1),
(23, 10, 2),
(24, 4, 5),
(24, 5, 10),
(24, 8, 2),
(24, 9, 5),
(24, 10, 3),
(25, 6, 4),
(25, 10, 1),
(25, 11, 10),
(26, 3, 5),
(26, 4, 4),
(26, 5, 4),
(26, 11, 5),
(27, 1, 10),
(27, 2, 2),
(27, 3, 3),
(27, 4, 5),
(28, 9, 2),
(28, 10, 1),
(28, 11, 5),
(28, 12, 3),
(29, 1, 5),
(29, 2, 10),
(29, 3, 2),
(29, 4, 3),
(29, 5, 4),
(30, 4, 3),
(30, 5, 4),
(30, 6, 5),
(30, 7, 5),
(30, 8, 5),
(30, 9, 5),
(30, 10, 10),
(31, 1, 5),
(31, 2, 2),
(31, 3, 1),
(31, 4, 1),
(31, 5, 1),
(31, 8, 10),
(31, 10, 1),
(32, 2, 4),
(32, 3, 2),
(32, 4, 10),
(32, 5, 5),
(33, 6, 4),
(33, 7, 2),
(34, 2, 4),
(34, 8, 1),
(34, 10, 3),
(35, 4, 5),
(35, 6, 5),
(35, 7, 5),
(35, 8, 5),
(35, 9, 10),
(35, 11, 2),
(36, 2, 10),
(36, 3, 10),
(36, 8, 10),
(36, 9, 10),
(36, 10, 5),
(37, 1, 2),
(37, 2, 2),
(37, 3, 5),
(37, 4, 3),
(37, 5, 4),
(38, 6, 5),
(39, 3, 5),
(39, 7, 5),
(39, 9, 5),
(40, 1, 2),
(40, 2, 4),
(40, 3, 3),
(40, 8, 10);